lesion,cluster_id,sign,ch_lo,ch_hi,depth_lo,depth_hi,f_lo,f_hi,n_bins,mass,p_cluster,median_log2fc,band_hint
L23_L5,1,+1,Ch3-Ch2,Ch3-Ch2,-0.565,-0.565,4.27,6.10,4,+22.968,0.0010,+1.8181,theta
L23_L5,2,+1,Ch11-Ch10,Ch11-Ch10,+0.630,+0.630,5.49,7.32,4,+16.297,0.0020,+1.1806,theta
L23_L5,3,+1,Ch15-Ch14,Ch15-Ch14,+1.230,+1.230,4.27,6.71,5,+24.709,0.0010,+1.3521,theta
L23_L5,4,-1,Ch3-Ch2,Ch3-Ch2,-0.565,-0.565,8.54,12.21,7,-35.801,0.0010,-1.9261,alpha
L23_L5,5,-1,Ch3-Ch2,Ch3-Ch2,-0.565,-0.565,81.18,82.40,3,-11.884,0.0100,-1.5843,high_gamma
L23_L5,6,-1,Ch4-Ch3,Ch4-Ch3,-0.415,-0.415,7.93,9.77,4,-18.657,0.0020,-1.6654,multi
L23_L5,7,-1,Ch4-Ch3,Ch4-Ch3,-0.415,-0.415,75.07,76.29,3,-10.964,0.0200,-1.2426,high_gamma
L23_L5,8,-1,Ch10-Ch9,Ch10-Ch9,+0.480,+0.480,10.38,11.60,3,-9.902,0.0500,-1.0060,alpha
L23_L5,9,-1,Ch13-Ch12,Ch13-Ch12,+0.930,+0.930,10.38,12.21,4,-13.679,0.0030,-1.2443,alpha
L23_L5,10,-1,Ch14-Ch13,Ch14-Ch13,+1.080,+1.080,10.38,12.21,4,-13.627,0.0030,-1.2569,alpha
L4AB_L23,1,+1,Ch3-Ch2,Ch3-Ch2,-0.565,-0.565,4.88,6.71,4,+14.337,0.0120,+1.0980,theta
L4AB_L23,2,-1,Ch3-Ch2,Ch3-Ch2,-0.565,-0.565,9.77,12.82,6,-22.511,0.0030,-1.2174,alpha
L4AB_L23,3,-1,Ch4-Ch3,Ch4-Ch3,-0.415,-0.415,9.77,11.60,4,-14.303,0.0120,-1.2574,alpha
L4AB_L23,4,-1,Ch7-Ch6,Ch7-Ch6,+0.030,+0.030,4.88,6.10,3,-12.251,0.0150,-1.1225,theta
L4AB_L23,5,-1,Ch8-Ch7,Ch8-Ch7,+0.180,+0.180,4.27,5.49,3,-11.207,0.0200,-1.0028,theta
L4AB_L23,6,-1,Ch10-Ch9,Ch10-Ch9,+0.480,+0.480,8.54,20.14,20,-107.696,0.0020,-1.7545,multi
L4AB_L23,7,-1,Ch10-Ch9,Ch10-Ch9,+0.480,+0.480,21.97,29.91,14,-60.019,0.0020,-1.6215,beta
L4AB_L23,8,-1,Ch10-Ch9,Ch10-Ch9,+0.480,+0.480,32.35,34.18,4,-14.793,0.0090,-1.1917,low_gamma
L4AB_L23,9,-1,Ch11-Ch10,Ch11-Ch10,+0.630,+0.630,8.54,13.43,9,-61.315,0.0020,-2.3434,multi
L4AB_L23,10,-1,Ch11-Ch10,Ch11-Ch10,+0.630,+0.630,14.65,18.92,8,-38.965,0.0020,-1.7457,beta
L4AB_L23,11,-1,Ch11-Ch10,Ch11-Ch10,+0.630,+0.630,21.97,24.41,5,-20.827,0.0050,-1.6547,beta
L4AB_L23,12,-1,Ch11-Ch10,Ch11-Ch10,+0.630,+0.630,26.86,29.91,6,-25.745,0.0030,-1.4062,beta
L4AB_L23,13,-1,Ch13-Ch12,Ch13-Ch12,+0.930,+0.930,1.22,40.28,65,-570.351,0.0010,-2.7959,multi
L4AB_L23,14,-1,Ch13-Ch12,Ch13-Ch12,+0.930,+0.930,41.50,43.95,5,-17.470,0.0050,-1.2913,low_gamma
L4AB_L23,15,-1,Ch13-Ch12,Ch13-Ch12,+0.930,+0.930,87.28,88.50,3,-13.412,0.0120,-1.4134,high_gamma
L4AB_L23,16,-1,Ch13-Ch12,Ch13-Ch12,+0.930,+0.930,96.44,97.66,3,-11.724,0.0180,-1.1971,high_gamma
L4AB_L23,17,-1,Ch14-Ch13,Ch14-Ch13,+1.080,+1.080,1.22,42.11,68,-593.534,0.0010,-2.9437,multi
L4AB_L23,18,-1,Ch14-Ch13,Ch14-Ch13,+1.080,+1.080,87.28,88.50,3,-17.028,0.0050,-1.6419,high_gamma
L4AB_L23,19,-1,Ch14-Ch13,Ch14-Ch13,+1.080,+1.080,90.33,93.38,6,-19.149,0.0050,-1.1587,high_gamma
L4AB_L23,20,-1,Ch14-Ch13,Ch14-Ch13,+1.080,+1.080,95.21,97.66,5,-19.931,0.0050,-1.3124,high_gamma
L4AB_L23,21,-1,Ch15-Ch14,Ch15-Ch14,+1.230,+1.230,4.27,5.49,3,-18.317,0.0050,-1.8632,theta
L4AB_L23,22,-1,Ch15-Ch14,Ch15-Ch14,+1.230,+1.230,8.54,45.78,62,-405.239,0.0010,-2.3111,multi
L4AB_L23,23,-1,Ch15-Ch14,Ch15-Ch14,+1.230,+1.230,88.50,90.33,4,-14.133,0.0120,-1.0914,high_gamma
L4AB_L5,1,-1,Ch3-Ch2,Ch3-Ch2,-0.565,-0.565,11.60,12.82,3,-11.752,0.0110,-1.2481,alpha
L4AB_L5,2,-1,Ch3-Ch2,Ch3-Ch2,-0.565,-0.565,98.27,99.49,3,-10.395,0.0210,-1.2877,high_gamma
L4AB_L5,3,-1,Ch4-Ch3,Ch4-Ch3,-0.415,-0.415,75.68,76.90,3,-10.451,0.0210,-1.4018,high_gamma
L4AB_L5,4,-1,Ch13-Ch12,Ch13-Ch12,+0.930,+0.930,15.26,16.48,3,-12.659,0.0040,-1.2509,beta
L4AB_L5,5,-1,Ch14-Ch13,Ch14-Ch13,+1.080,+1.080,15.26,16.48,3,-12.806,0.0030,-1.3070,beta
L4AB_L5,6,-1,Ch15-Ch14,Ch15-Ch14,+1.230,+1.230,15.26,16.48,3,-11.044,0.0150,-1.2416,beta
L4C_L23,1,-1,Ch3-Ch2,Ch3-Ch2,-0.565,-0.565,9.77,11.60,4,-21.846,0.0120,-1.9992,alpha
L4C_L23,2,-1,Ch4-Ch3,Ch4-Ch3,-0.415,-0.415,8.54,9.77,3,-11.371,0.0270,-1.2751,alpha
L4C_L23,3,-1,Ch9-Ch8,Ch9-Ch8,+0.330,+0.330,74.46,75.68,3,-10.789,0.0330,-1.0912,high_gamma
L4C_L23,4,-1,Ch10-Ch9,Ch10-Ch9,+0.480,+0.480,3.05,4.88,4,-14.588,0.0130,-1.2487,multi
L4C_L23,5,-1,Ch10-Ch9,Ch10-Ch9,+0.480,+0.480,9.16,12.21,6,-33.246,0.0080,-1.9319,alpha
L4C_L23,6,-1,Ch10-Ch9,Ch10-Ch9,+0.480,+0.480,15.26,29.30,24,-107.629,0.0020,-1.4786,beta
L4C_L23,7,-1,Ch10-Ch9,Ch10-Ch9,+0.480,+0.480,32.96,34.18,3,-11.461,0.0250,-1.5557,low_gamma
L4C_L23,8,-1,Ch11-Ch10,Ch11-Ch10,+0.630,+0.630,2.44,4.88,5,-16.657,0.0130,-1.1243,multi
L4C_L23,9,-1,Ch11-Ch10,Ch11-Ch10,+0.630,+0.630,9.16,12.21,6,-35.879,0.0080,-1.9346,alpha
L4C_L23,10,-1,Ch11-Ch10,Ch11-Ch10,+0.630,+0.630,15.26,18.92,7,-37.609,0.0080,-1.9140,beta
L4C_L23,11,-1,Ch11-Ch10,Ch11-Ch10,+0.630,+0.630,20.14,23.80,7,-25.293,0.0090,-1.3063,beta
L4C_L23,12,-1,Ch11-Ch10,Ch11-Ch10,+0.630,+0.630,25.63,29.30,7,-30.384,0.0080,-1.6233,beta
L4C_L23,13,-1,Ch11-Ch10,Ch11-Ch10,+0.630,+0.630,32.96,35.40,5,-18.230,0.0130,-1.1639,low_gamma
L4C_L23,14,-1,Ch11-Ch10,Ch11-Ch10,+0.630,+0.630,37.23,38.45,3,-10.995,0.0320,-1.3927,low_gamma
L4C_L23,15,-1,Ch11-Ch10,Ch11-Ch10,+0.630,+0.630,86.06,87.89,4,-15.718,0.0130,-1.1356,high_gamma
L4C_L23,16,-1,Ch13-Ch12,Ch13-Ch12,+0.930,+0.930,1.22,40.28,65,-666.099,0.0010,-3.4071,multi
L4C_L23,17,-1,Ch13-Ch12,Ch13-Ch12,+0.930,+0.930,41.50,43.33,4,-16.570,0.0130,-1.2979,low_gamma
L4C_L23,18,-1,Ch13-Ch12,Ch13-Ch12,+0.930,+0.930,78.74,79.96,3,-14.192,0.0140,-1.3080,high_gamma
L4C_L23,19,-1,Ch14-Ch13,Ch14-Ch13,+1.080,+1.080,1.22,43.33,70,-734.118,0.0010,-3.4669,multi
L4C_L23,20,-1,Ch14-Ch13,Ch14-Ch13,+1.080,+1.080,78.74,79.96,3,-16.816,0.0130,-1.3495,high_gamma
L4C_L23,21,-1,Ch14-Ch13,Ch14-Ch13,+1.080,+1.080,87.28,88.50,3,-11.611,0.0240,-1.0819,high_gamma
L4C_L23,22,-1,Ch15-Ch14,Ch15-Ch14,+1.230,+1.230,3.66,43.33,66,-611.172,0.0010,-3.0967,multi
L4C_L4AB,1,+1,Ch8-Ch7,Ch8-Ch7,+0.180,+0.180,7.32,11.60,8,+34.435,0.0030,+1.4738,multi
L4C_L4AB,2,+1,Ch10-Ch9,Ch10-Ch9,+0.480,+0.480,7.32,7.93,2,+10.273,0.0480,+1.5768,theta
L4C_L4AB,3,+1,Ch11-Ch10,Ch11-Ch10,+0.630,+0.630,5.49,7.93,5,+20.790,0.0070,+1.4168,theta
L4C_L4AB,4,-1,Ch3-Ch2,Ch3-Ch2,-0.565,-0.565,11.60,14.65,6,-19.648,0.0080,-0.9578,multi
L4C_L4AB,5,-1,Ch7-Ch6,Ch7-Ch6,+0.030,+0.030,3.66,6.10,5,-32.297,0.0030,-2.2572,multi
L4C_L4AB,6,-1,Ch7-Ch6,Ch7-Ch6,+0.030,+0.030,14.65,24.41,17,-89.656,0.0020,-2.0482,beta
L4C_L4AB,7,-1,Ch7-Ch6,Ch7-Ch6,+0.030,+0.030,26.25,28.08,4,-16.062,0.0130,-1.4757,beta
L4C_L4AB,8,-1,Ch7-Ch6,Ch7-Ch6,+0.030,+0.030,29.91,31.74,4,-13.218,0.0140,-1.1047,multi
L4C_L4AB,9,-1,Ch7-Ch6,Ch7-Ch6,+0.030,+0.030,73.24,75.07,4,-15.286,0.0130,-1.1615,high_gamma
L4C_L4AB,10,-1,Ch7-Ch6,Ch7-Ch6,+0.030,+0.030,79.96,82.40,5,-19.696,0.0080,-1.2876,high_gamma
L4C_L4AB,11,-1,Ch7-Ch6,Ch7-Ch6,+0.030,+0.030,84.23,85.45,3,-10.729,0.0340,-1.1557,high_gamma
L4C_L4AB,12,-1,Ch8-Ch7,Ch8-Ch7,+0.180,+0.180,21.36,23.80,5,-17.820,0.0080,-1.1712,beta
L4C_L4AB,13,-1,Ch9-Ch8,Ch9-Ch8,+0.330,+0.330,12.82,14.65,4,-15.917,0.0130,-1.3998,multi
L4C_L4AB,14,-1,Ch9-Ch8,Ch9-Ch8,+0.330,+0.330,73.85,78.12,8,-29.293,0.0030,-1.0864,high_gamma
L4C_L4AB,15,-1,Ch10-Ch9,Ch10-Ch9,+0.480,+0.480,14.65,30.52,27,-133.938,0.0020,-1.8629,multi
L4C_L4AB,16,-1,Ch10-Ch9,Ch10-Ch9,+0.480,+0.480,31.74,37.23,10,-46.194,0.0020,-1.4247,low_gamma
L4C_L4AB,17,-1,Ch10-Ch9,Ch10-Ch9,+0.480,+0.480,47.00,48.83,4,-13.468,0.0140,-1.2001,low_gamma
L4C_L4AB,18,-1,Ch10-Ch9,Ch10-Ch9,+0.480,+0.480,69.58,71.41,4,-15.519,0.0130,-1.1778,high_gamma
L4C_L4AB,19,-1,Ch10-Ch9,Ch10-Ch9,+0.480,+0.480,82.40,87.28,9,-33.922,0.0030,-1.1176,high_gamma
L4C_L4AB,20,-1,Ch11-Ch10,Ch11-Ch10,+0.630,+0.630,14.65,18.92,8,-35.242,0.0030,-1.7357,beta
L4C_L4AB,21,-1,Ch11-Ch10,Ch11-Ch10,+0.630,+0.630,20.14,24.41,8,-39.368,0.0020,-1.9765,beta
L4C_L4AB,22,-1,Ch11-Ch10,Ch11-Ch10,+0.630,+0.630,25.63,30.52,9,-39.602,0.0020,-1.6713,multi
L4C_L4AB,23,-1,Ch11-Ch10,Ch11-Ch10,+0.630,+0.630,31.74,34.18,5,-25.222,0.0060,-1.5617,low_gamma
L4C_L4AB,24,-1,Ch11-Ch10,Ch11-Ch10,+0.630,+0.630,35.40,37.23,4,-15.986,0.0130,-1.4312,low_gamma
L4C_L4AB,25,-1,Ch11-Ch10,Ch11-Ch10,+0.630,+0.630,39.67,41.50,4,-15.605,0.0130,-1.0278,low_gamma
L4C_L4AB,26,-1,Ch11-Ch10,Ch11-Ch10,+0.630,+0.630,85.45,87.28,4,-15.593,0.0130,-1.2989,high_gamma
L4C_L4AB,27,-1,Ch11-Ch10,Ch11-Ch10,+0.630,+0.630,97.66,99.49,4,-14.308,0.0130,-1.0349,high_gamma
L4C_L4AB,28,-1,Ch12-Ch11,Ch12-Ch11,+0.780,+0.780,3.66,6.10,5,-53.210,0.0020,-3.5791,multi
L4C_L4AB,29,-1,Ch12-Ch11,Ch12-Ch11,+0.780,+0.780,8.54,10.99,5,-20.610,0.0070,-1.8415,alpha
L4C_L4AB,30,-1,Ch12-Ch11,Ch12-Ch11,+0.780,+0.780,12.21,22.58,18,-81.638,0.0020,-1.4889,multi
L4C_L4AB,31,-1,Ch12-Ch11,Ch12-Ch11,+0.780,+0.780,25.63,26.25,2,-10.643,0.0370,-1.8129,beta
L4C_L4AB,32,-1,Ch12-Ch11,Ch12-Ch11,+0.780,+0.780,27.47,28.69,3,-14.252,0.0130,-1.6037,beta
L4C_L4AB,33,-1,Ch12-Ch11,Ch12-Ch11,+0.780,+0.780,34.79,36.01,3,-14.050,0.0130,-1.1198,low_gamma
L4C_L4AB,34,-1,Ch12-Ch11,Ch12-Ch11,+0.780,+0.780,56.76,59.81,6,-25.356,0.0050,-1.3329,high_gamma
L4C_L4AB,35,-1,Ch12-Ch11,Ch12-Ch11,+0.780,+0.780,68.36,78.74,18,-75.410,0.0020,-1.4045,high_gamma
L4C_L4AB,36,-1,Ch12-Ch11,Ch12-Ch11,+0.780,+0.780,80.57,83.62,6,-22.347,0.0070,-1.1647,high_gamma
L4C_L4AB,37,-1,Ch12-Ch11,Ch12-Ch11,+0.780,+0.780,85.45,87.89,5,-20.504,0.0080,-1.3352,high_gamma
L4C_L4AB,38,-1,Ch12-Ch11,Ch12-Ch11,+0.780,+0.780,89.72,91.55,4,-16.366,0.0130,-1.2694,high_gamma
L4C_L4AB,39,-1,Ch13-Ch12,Ch13-Ch12,+0.930,+0.930,4.27,4.88,2,-10.887,0.0330,-1.9386,theta
L4C_L4AB,40,-1,Ch13-Ch12,Ch13-Ch12,+0.930,+0.930,9.16,40.28,52,-273.011,0.0010,-1.8608,multi
L4C_L4AB,41,-1,Ch14-Ch13,Ch14-Ch13,+1.080,+1.080,4.27,4.88,2,-11.544,0.0310,-2.0361,theta
L4C_L4AB,42,-1,Ch14-Ch13,Ch14-Ch13,+1.080,+1.080,9.16,32.96,40,-237.066,0.0010,-2.0942,multi
L4C_L4AB,43,-1,Ch14-Ch13,Ch14-Ch13,+1.080,+1.080,37.23,40.28,6,-25.077,0.0060,-1.4607,low_gamma
L4C_L4AB,44,-1,Ch15-Ch14,Ch15-Ch14,+1.230,+1.230,3.66,5.49,4,-23.328,0.0070,-2.4577,multi
L4C_L4AB,45,-1,Ch15-Ch14,Ch15-Ch14,+1.230,+1.230,9.77,11.60,4,-21.542,0.0070,-1.5746,alpha
L4C_L4AB,46,-1,Ch15-Ch14,Ch15-Ch14,+1.230,+1.230,15.26,17.70,5,-22.494,0.0070,-1.6369,beta
L4C_L4AB,47,-1,Ch15-Ch14,Ch15-Ch14,+1.230,+1.230,18.92,32.35,23,-106.234,0.0020,-1.6144,multi
L4C_L4AB,48,-1,Ch15-Ch14,Ch15-Ch14,+1.230,+1.230,39.06,42.11,6,-27.683,0.0030,-1.5156,low_gamma
L4C_L5,1,-1,Ch1-Ch0,Ch1-Ch0,-0.865,-0.865,10.38,11.60,3,-10.288,0.0280,-1.0453,alpha
L4C_L5,2,-1,Ch3-Ch2,Ch3-Ch2,-0.565,-0.565,9.77,11.60,4,-15.978,0.0020,-1.4133,alpha
L4C_L6,1,-1,Ch1-Ch0,Ch1-Ch0,-0.865,-0.865,10.38,15.26,9,-43.461,0.0010,-1.6544,multi
L4C_L6,2,-1,Ch1-Ch0,Ch1-Ch0,-0.865,-0.865,18.92,23.80,9,-33.688,0.0010,-1.1259,beta
L4C_L6,3,-1,Ch1-Ch0,Ch1-Ch0,-0.865,-0.865,84.84,86.06,3,-11.080,0.0180,-1.3000,high_gamma
L4C_L6,4,-1,Ch2-Ch1,Ch2-Ch1,-0.715,-0.715,10.38,15.26,9,-44.525,0.0010,-1.7581,multi
L4C_L6,5,-1,Ch2-Ch1,Ch2-Ch1,-0.715,-0.715,18.92,23.80,9,-33.578,0.0010,-1.1450,beta
L4C_L6,6,-1,Ch2-Ch1,Ch2-Ch1,-0.715,-0.715,25.02,26.25,3,-9.623,0.0450,-1.0882,beta
L4C_L6,7,-1,Ch2-Ch1,Ch2-Ch1,-0.715,-0.715,84.84,86.06,3,-10.762,0.0220,-1.2525,high_gamma
L4C_L6,8,-1,Ch3-Ch2,Ch3-Ch2,-0.565,-0.565,10.38,15.26,9,-44.952,0.0010,-1.5524,multi
L4C_L6,9,-1,Ch9-Ch8,Ch9-Ch8,+0.330,+0.330,11.60,12.82,3,-10.236,0.0330,-1.2347,alpha
L4C_L6,10,-1,Ch10-Ch9,Ch10-Ch9,+0.480,+0.480,10.99,12.21,3,-11.343,0.0170,-1.3949,alpha
L4C_L6,11,-1,Ch11-Ch10,Ch11-Ch10,+0.630,+0.630,10.99,12.21,3,-12.308,0.0080,-1.4535,alpha
L4C_L6,12,-1,Ch13-Ch12,Ch13-Ch12,+0.930,+0.930,10.99,12.82,4,-16.111,0.0050,-1.5712,alpha
L4C_L6,13,-1,Ch14-Ch13,Ch14-Ch13,+1.080,+1.080,10.99,12.82,4,-15.966,0.0050,-1.5755,alpha
L5_L23,1,-1,Ch11-Ch10,Ch11-Ch10,+0.630,+0.630,9.77,12.21,5,-19.132,0.0040,-1.1617,alpha
L5_L23,2,-1,Ch13-Ch12,Ch13-Ch12,+0.930,+0.930,9.77,13.43,7,-26.772,0.0010,-1.2454,multi
L5_L23,3,-1,Ch13-Ch12,Ch13-Ch12,+0.930,+0.930,14.65,16.48,4,-16.482,0.0040,-1.4551,beta
L5_L23,4,-1,Ch13-Ch12,Ch13-Ch12,+0.930,+0.930,20.75,21.97,3,-10.056,0.0400,-1.2968,beta
L5_L23,5,-1,Ch13-Ch12,Ch13-Ch12,+0.930,+0.930,26.86,28.08,3,-11.326,0.0160,-1.4660,beta
L5_L23,6,-1,Ch13-Ch12,Ch13-Ch12,+0.930,+0.930,41.50,43.33,4,-15.858,0.0040,-1.4316,low_gamma
L5_L23,7,-1,Ch13-Ch12,Ch13-Ch12,+0.930,+0.930,87.28,89.11,4,-14.598,0.0040,-1.1556,high_gamma
L5_L23,8,-1,Ch13-Ch12,Ch13-Ch12,+0.930,+0.930,95.21,96.44,3,-10.293,0.0330,-1.3694,high_gamma
L5_L23,9,-1,Ch13-Ch12,Ch13-Ch12,+0.930,+0.930,97.66,98.88,3,-13.732,0.0060,-1.2818,high_gamma
L5_L23,10,-1,Ch14-Ch13,Ch14-Ch13,+1.080,+1.080,9.77,13.43,7,-26.325,0.0010,-1.2410,multi
L5_L23,11,-1,Ch14-Ch13,Ch14-Ch13,+1.080,+1.080,14.65,16.48,4,-16.604,0.0040,-1.5052,beta
L5_L23,12,-1,Ch14-Ch13,Ch14-Ch13,+1.080,+1.080,20.75,21.97,3,-10.400,0.0290,-1.3064,beta
L5_L23,13,-1,Ch14-Ch13,Ch14-Ch13,+1.080,+1.080,26.86,28.69,4,-15.042,0.0040,-1.3242,beta
L5_L23,14,-1,Ch14-Ch13,Ch14-Ch13,+1.080,+1.080,29.91,31.13,3,-11.293,0.0160,-1.2151,multi
L5_L23,15,-1,Ch14-Ch13,Ch14-Ch13,+1.080,+1.080,41.50,43.33,4,-14.267,0.0040,-1.3806,low_gamma
L5_L23,16,-1,Ch14-Ch13,Ch14-Ch13,+1.080,+1.080,87.28,88.50,3,-12.754,0.0070,-1.3682,high_gamma
L5_L23,17,-1,Ch14-Ch13,Ch14-Ch13,+1.080,+1.080,95.21,99.49,8,-32.281,0.0010,-1.1935,high_gamma
L5_L23,18,-1,Ch15-Ch14,Ch15-Ch14,+1.230,+1.230,41.50,43.33,4,-14.014,0.0050,-1.2570,low_gamma
L5_L6,1,-1,Ch1-Ch0,Ch1-Ch0,-0.865,-0.865,9.77,26.25,28,-148.949,0.0010,-1.5294,multi
L5_L6,2,-1,Ch1-Ch0,Ch1-Ch0,-0.865,-0.865,67.75,68.97,3,-13.702,0.0070,-1.4348,high_gamma
L5_L6,3,-1,Ch1-Ch0,Ch1-Ch0,-0.865,-0.865,76.29,79.35,6,-21.129,0.0020,-1.2008,high_gamma
L5_L6,4,-1,Ch1-Ch0,Ch1-Ch0,-0.865,-0.865,84.23,85.45,3,-10.151,0.0330,-1.3133,high_gamma
L5_L6,5,-1,Ch1-Ch0,Ch1-Ch0,-0.865,-0.865,91.55,92.77,3,-9.849,0.0400,-1.1593,high_gamma
L5_L6,6,-1,Ch1-Ch0,Ch1-Ch0,-0.865,-0.865,94.60,95.21,2,-10.331,0.0310,-1.5373,high_gamma
L5_L6,7,-1,Ch2-Ch1,Ch2-Ch1,-0.715,-0.715,9.77,26.25,28,-155.696,0.0010,-1.5679,multi
L5_L6,8,-1,Ch2-Ch1,Ch2-Ch1,-0.715,-0.715,61.65,62.87,3,-11.982,0.0120,-1.0247,high_gamma
L5_L6,9,-1,Ch2-Ch1,Ch2-Ch1,-0.715,-0.715,67.75,68.97,3,-16.087,0.0050,-1.6325,high_gamma
L5_L6,10,-1,Ch2-Ch1,Ch2-Ch1,-0.715,-0.715,77.51,79.96,5,-18.515,0.0030,-1.3858,high_gamma
L5_L6,11,-1,Ch2-Ch1,Ch2-Ch1,-0.715,-0.715,81.79,83.01,3,-11.950,0.0120,-1.0876,high_gamma
L5_L6,12,-1,Ch2-Ch1,Ch2-Ch1,-0.715,-0.715,84.84,86.06,3,-11.165,0.0190,-1.6227,high_gamma
L5_L6,13,-1,Ch2-Ch1,Ch2-Ch1,-0.715,-0.715,91.55,92.77,3,-12.301,0.0100,-1.5815,high_gamma
L5_L6,14,-1,Ch2-Ch1,Ch2-Ch1,-0.715,-0.715,93.99,95.21,3,-13.047,0.0080,-1.1601,high_gamma
L5_L6,15,-1,Ch3-Ch2,Ch3-Ch2,-0.565,-0.565,9.77,15.87,11,-53.645,0.0010,-1.6046,multi
L5_L6,16,-1,Ch6-Ch5,Ch6-Ch5,-0.115,-0.115,10.38,12.82,5,-17.312,0.0030,-1.5884,alpha
L5_L6,17,-1,Ch8-Ch7,Ch8-Ch7,+0.180,+0.180,10.99,13.43,5,-17.133,0.0030,-1.4009,multi
L5_L6,18,-1,Ch9-Ch8,Ch9-Ch8,+0.330,+0.330,10.38,12.82,5,-27.454,0.0020,-2.2094,alpha
L5_L6,19,-1,Ch10-Ch9,Ch10-Ch9,+0.480,+0.480,10.38,11.60,3,-11.469,0.0150,-1.0903,alpha
L5_L6,20,-1,Ch10-Ch9,Ch10-Ch9,+0.480,+0.480,15.26,16.48,3,-10.499,0.0270,-1.2606,beta
L5_L6,21,-1,Ch11-Ch10,Ch11-Ch10,+0.630,+0.630,10.38,12.21,4,-13.935,0.0060,-1.0140,alpha
L5_L6,22,-1,Ch11-Ch10,Ch11-Ch10,+0.630,+0.630,15.26,16.48,3,-10.676,0.0260,-1.3187,beta
L5_L6,23,-1,Ch12-Ch11,Ch12-Ch11,+0.780,+0.780,10.99,12.82,4,-15.887,0.0050,-1.2186,alpha
L5_L6,24,-1,Ch13-Ch12,Ch13-Ch12,+0.930,+0.930,10.38,12.21,4,-16.709,0.0050,-1.4338,alpha
L5_L6,25,-1,Ch13-Ch12,Ch13-Ch12,+0.930,+0.930,15.26,16.48,3,-11.994,0.0120,-1.7046,beta
L5_L6,26,-1,Ch14-Ch13,Ch14-Ch13,+1.080,+1.080,10.38,12.21,4,-16.923,0.0040,-1.4652,alpha
L5_L6,27,-1,Ch14-Ch13,Ch14-Ch13,+1.080,+1.080,15.26,16.48,3,-12.167,0.0120,-1.7685,beta
L5_L6,28,-1,Ch15-Ch14,Ch15-Ch14,+1.230,+1.230,10.38,11.60,3,-12.678,0.0090,-1.2318,alpha
L5_L6,29,-1,Ch15-Ch14,Ch15-Ch14,+1.230,+1.230,15.26,16.48,3,-10.720,0.0260,-1.4378,beta
L5_L6,30,-1,Ch15-Ch14,Ch15-Ch14,+1.230,+1.230,26.25,28.08,4,-12.701,0.0090,-1.0955,beta
L6_L4AB,1,-1,Ch3-Ch2,Ch3-Ch2,-0.565,-0.565,11.60,12.82,3,-10.609,0.0160,-0.9975,alpha
L6_L4AB,2,-1,Ch8-Ch7,Ch8-Ch7,+0.180,+0.180,4.27,5.49,3,-15.731,0.0010,-2.1050,theta
L6_L4AB,3,-1,Ch12-Ch11,Ch12-Ch11,+0.780,+0.780,4.27,5.49,3,-13.555,0.0030,-1.4818,theta
L6_L4C,1,-1,Ch3-Ch2,Ch3-Ch2,-0.565,-0.565,9.77,12.82,6,-24.613,0.0080,-1.5220,alpha
L6_L4C,2,-1,Ch4-Ch3,Ch4-Ch3,-0.415,-0.415,3.66,7.93,8,-43.749,0.0050,-1.5147,multi
L6_L4C,3,-1,Ch5-Ch4,Ch5-Ch4,-0.265,-0.265,3.05,10.38,13,-101.194,0.0030,-2.4785,multi
L6_L4C,4,-1,Ch5-Ch4,Ch5-Ch4,-0.265,-0.265,11.60,13.43,4,-15.079,0.0140,-1.4309,multi
L6_L4C,5,-1,Ch5-Ch4,Ch5-Ch4,-0.265,-0.265,15.26,23.80,15,-66.911,0.0030,-1.6154,beta
L6_L4C,6,-1,Ch5-Ch4,Ch5-Ch4,-0.265,-0.265,68.97,70.80,4,-16.306,0.0120,-1.4023,high_gamma
L6_L4C,7,-1,Ch5-Ch4,Ch5-Ch4,-0.265,-0.265,73.24,89.11,27,-131.038,0.0020,-1.6259,high_gamma
L6_L4C,8,-1,Ch5-Ch4,Ch5-Ch4,-0.265,-0.265,93.99,98.88,9,-43.834,0.0050,-1.5394,high_gamma
L6_L4C,9,-1,Ch6-Ch5,Ch6-Ch5,-0.115,-0.115,3.05,7.93,9,-67.898,0.0030,-2.6258,multi
L6_L4C,10,-1,Ch6-Ch5,Ch6-Ch5,-0.115,-0.115,9.16,21.97,22,-105.431,0.0030,-1.9268,multi
L6_L4C,11,-1,Ch6-Ch5,Ch6-Ch5,-0.115,-0.115,23.19,25.02,4,-14.562,0.0150,-1.4367,beta
L6_L4C,12,-1,Ch6-Ch5,Ch6-Ch5,-0.115,-0.115,68.97,70.80,4,-14.998,0.0140,-1.4460,high_gamma
L6_L4C,13,-1,Ch6-Ch5,Ch6-Ch5,-0.115,-0.115,72.63,85.45,22,-94.123,0.0030,-1.3721,high_gamma
L6_L4C,14,-1,Ch6-Ch5,Ch6-Ch5,-0.115,-0.115,96.44,97.66,3,-12.927,0.0210,-1.4012,high_gamma
L6_L4C,15,-1,Ch7-Ch6,Ch7-Ch6,+0.030,+0.030,4.88,7.32,5,-26.677,0.0060,-1.7409,theta
L6_L4C,16,-1,Ch7-Ch6,Ch7-Ch6,+0.030,+0.030,17.09,18.92,4,-13.947,0.0170,-1.0364,beta
L6_L4C,17,-1,Ch7-Ch6,Ch7-Ch6,+0.030,+0.030,21.36,24.41,6,-21.973,0.0080,-1.0886,beta
L6_L4C,18,-1,Ch7-Ch6,Ch7-Ch6,+0.030,+0.030,75.07,76.29,3,-11.600,0.0330,-1.1285,high_gamma
L6_L4C,19,-1,Ch8-Ch7,Ch8-Ch7,+0.180,+0.180,4.88,6.10,3,-15.984,0.0140,-1.3888,theta
L6_L4C,20,-1,Ch8-Ch7,Ch8-Ch7,+0.180,+0.180,8.54,15.26,12,-57.090,0.0040,-1.5833,multi
L6_L4C,21,-1,Ch8-Ch7,Ch8-Ch7,+0.180,+0.180,16.48,18.92,5,-21.138,0.0090,-1.4700,beta
L6_L4C,22,-1,Ch8-Ch7,Ch8-Ch7,+0.180,+0.180,21.36,28.69,13,-55.544,0.0040,-1.3603,beta
L6_L4C,23,-1,Ch8-Ch7,Ch8-Ch7,+0.180,+0.180,31.74,32.96,3,-10.393,0.0440,-1.4289,low_gamma
L6_L4C,24,-1,Ch8-Ch7,Ch8-Ch7,+0.180,+0.180,34.79,36.01,3,-13.086,0.0200,-1.5811,low_gamma
L6_L4C,25,-1,Ch8-Ch7,Ch8-Ch7,+0.180,+0.180,66.53,67.14,2,-10.247,0.0460,-1.1883,high_gamma
L6_L4C,26,-1,Ch8-Ch7,Ch8-Ch7,+0.180,+0.180,68.36,70.80,5,-20.800,0.0090,-1.5996,high_gamma
L6_L4C,27,-1,Ch8-Ch7,Ch8-Ch7,+0.180,+0.180,72.63,87.28,25,-118.930,0.0030,-1.6639,high_gamma
L6_L4C,28,-1,Ch8-Ch7,Ch8-Ch7,+0.180,+0.180,90.33,93.99,7,-30.129,0.0060,-1.4017,high_gamma
L6_L4C,29,-1,Ch8-Ch7,Ch8-Ch7,+0.180,+0.180,95.21,98.88,7,-27.039,0.0060,-1.5170,high_gamma
L6_L4C,30,-1,Ch9-Ch8,Ch9-Ch8,+0.330,+0.330,3.05,29.91,45,-343.886,0.0010,-2.6234,multi
L6_L4C,31,-1,Ch9-Ch8,Ch9-Ch8,+0.330,+0.330,61.65,62.87,3,-11.693,0.0330,-1.3137,high_gamma
L6_L4C,32,-1,Ch9-Ch8,Ch9-Ch8,+0.330,+0.330,64.09,90.94,45,-257.365,0.0010,-1.8842,high_gamma
L6_L4C,33,-1,Ch9-Ch8,Ch9-Ch8,+0.330,+0.330,92.16,97.05,9,-44.761,0.0050,-1.5692,high_gamma
L6_L4C,34,-1,Ch10-Ch9,Ch10-Ch9,+0.480,+0.480,4.27,7.32,6,-35.185,0.0060,-1.7686,theta
L6_L4C,35,-1,Ch10-Ch9,Ch10-Ch9,+0.480,+0.480,9.16,13.43,8,-57.448,0.0040,-2.3531,multi
L6_L4C,36,-1,Ch10-Ch9,Ch10-Ch9,+0.480,+0.480,14.65,18.92,8,-34.673,0.0060,-1.2148,beta
L6_L4C,37,-1,Ch10-Ch9,Ch10-Ch9,+0.480,+0.480,21.97,23.80,4,-16.847,0.0110,-1.4562,beta
L6_L4C,38,-1,Ch10-Ch9,Ch10-Ch9,+0.480,+0.480,25.63,28.08,5,-18.046,0.0090,-1.5560,beta
L6_L4C,39,-1,Ch11-Ch10,Ch11-Ch10,+0.630,+0.630,4.27,6.71,5,-32.572,0.0060,-2.0023,theta
L6_L4C,40,-1,Ch11-Ch10,Ch11-Ch10,+0.630,+0.630,9.16,13.43,8,-58.751,0.0040,-2.4075,multi
L6_L4C,41,-1,Ch11-Ch10,Ch11-Ch10,+0.630,+0.630,14.65,18.92,8,-33.773,0.0060,-1.1934,beta
L6_L4C,42,-1,Ch12-Ch11,Ch12-Ch11,+0.780,+0.780,4.27,7.32,6,-28.414,0.0060,-1.4235,theta
L6_L4C,43,-1,Ch12-Ch11,Ch12-Ch11,+0.780,+0.780,9.77,14.04,8,-51.730,0.0040,-2.1020,multi
L6_L4C,44,-1,Ch12-Ch11,Ch12-Ch11,+0.780,+0.780,15.26,16.48,3,-11.637,0.0330,-1.2600,beta
L6_L4C,45,-1,Ch12-Ch11,Ch12-Ch11,+0.780,+0.780,20.75,21.97,3,-10.848,0.0370,-1.2930,beta
L6_L4C,46,-1,Ch12-Ch11,Ch12-Ch11,+0.780,+0.780,68.36,71.41,6,-26.093,0.0080,-1.2121,high_gamma
L6_L4C,47,-1,Ch12-Ch11,Ch12-Ch11,+0.780,+0.780,73.85,76.29,5,-21.429,0.0090,-1.3242,high_gamma
L6_L4C,48,-1,Ch12-Ch11,Ch12-Ch11,+0.780,+0.780,80.57,82.40,4,-15.666,0.0140,-1.3582,high_gamma
L6_L4C,49,-1,Ch13-Ch12,Ch13-Ch12,+0.930,+0.930,4.27,7.32,6,-33.799,0.0060,-2.3253,theta
L6_L4C,50,-1,Ch13-Ch12,Ch13-Ch12,+0.930,+0.930,8.54,30.52,37,-233.956,0.0010,-1.9728,multi
L6_L4C,51,-1,Ch13-Ch12,Ch13-Ch12,+0.930,+0.930,32.96,34.18,3,-12.594,0.0250,-1.2201,low_gamma
L6_L4C,52,-1,Ch13-Ch12,Ch13-Ch12,+0.930,+0.930,42.11,43.95,4,-12.964,0.0210,-1.2238,low_gamma
L6_L4C,53,-1,Ch14-Ch13,Ch14-Ch13,+1.080,+1.080,4.27,7.32,6,-34.460,0.0060,-2.3176,theta
L6_L4C,54,-1,Ch14-Ch13,Ch14-Ch13,+1.080,+1.080,8.54,30.52,37,-241.835,0.0010,-2.0737,multi
L6_L4C,55,-1,Ch14-Ch13,Ch14-Ch13,+1.080,+1.080,42.11,43.95,4,-13.189,0.0180,-1.2327,low_gamma
L6_L4C,56,-1,Ch15-Ch14,Ch15-Ch14,+1.230,+1.230,4.88,6.10,3,-13.499,0.0180,-1.9524,theta
L6_L4C,57,-1,Ch15-Ch14,Ch15-Ch14,+1.230,+1.230,9.16,25.02,27,-161.452,0.0010,-1.9979,multi
L6_L4C,58,-1,Ch15-Ch14,Ch15-Ch14,+1.230,+1.230,26.25,30.52,8,-33.951,0.0060,-1.5256,multi
L6_L4C,59,-1,Ch15-Ch14,Ch15-Ch14,+1.230,+1.230,32.96,34.18,3,-13.899,0.0170,-1.5799,low_gamma
L6_L4C,60,-1,Ch15-Ch14,Ch15-Ch14,+1.230,+1.230,37.23,40.28,6,-25.118,0.0080,-1.1769,low_gamma
