trial,score,sim_time_s,low_freq_ratio,gamma_ratio,log_low,log_gamma,low_freq_score,gamma_score,crossover_bonus,total_score,pre_window_ms,post_window_ms,rate_L23_E_spikes,rate_L23_PV_spikes,rate_L23_SOM_spikes,rate_L23_VIP_spikes,rate_L4AB_E_spikes,rate_L4AB_PV_spikes,rate_L4AB_SOM_spikes,rate_L4AB_VIP_spikes,rate_L4C_E_spikes,rate_L4C_PV_spikes,rate_L4C_SOM_spikes,rate_L4C_VIP_spikes,rate_L5_E_spikes,rate_L5_PV_spikes,rate_L5_SOM_spikes,rate_L5_VIP_spikes,rate_L6_E_spikes,rate_L6_PV_spikes,rate_L6_SOM_spikes,rate_L6_VIP_spikes,g_E_PV_intra,g_E_PV_inter,g_PV_E_intra,g_PV_E_inter,g_PV_PV_intra,g_PV_PV_inter,g_E_E_intra,g_E_E_inter,g_E_SOM_intra,g_E_SOM_inter,g_SOM_E_intra,g_SOM_E_inter,g_SOM_PV_intra,g_SOM_PV_inter,g_VIP_SOM_intra,g_VIP_SOM_inter,g_E_VIP_intra,g_E_VIP_inter,g_PV_VIP_all,g_SOM_VIP_all,g_VIP_E_intra,g_VIP_PV_intra,g_VIP_VIP_intra,lgn_E_drive_L4C,lgn_PV_drive_L4C,lgn_E_drive_L6,lgn_PV_drive_L6,tc_nmda_ratio_E,tc_nmda_ratio_PV,gray_drive_scale,grating_drive_scale,bg_nmda_scale,bg_ampa_scale,bg_rate_hz,inter_layer_scaling
1,-7.357450497289507,342.33787083625793,937.4962888249514,7.455191923232338,2.971969557204032,0.8724588282278187,-2.971969557204032,0.8724588282278187,0.0,-3.3265626297246076,1000-1500,1800-2300,61.14284090909091,321.9583596214511,62.26946107784431,70.42978723404255,61.541029411764704,309.819587628866,64.24705882352941,68.93442622950819,21.632581453634085,121.60657534246576,21.957894736842107,38.03076923076923,1.1745,287.738,1.11,55.285,17.12921568627451,283.57283950617284,37.24724409448819,55.41111111111111,1.2424375588670644,0.3995779348234055,2.1081782551310035,0.6808325142638506,1.9426780533500183,1.700274284429602,0.5208957063241929,1.93998154332194,1.971581597945097,1.907282079347715,1.4729420828703546,0.4414987059090649,1.1905832135136376,0.6128321343812485,2.860994858533135,0.5642372416853672,2.014130735614178,1.2701154614603731,0.6200339651525524,0.663055774252875,1.057965686073135,0.3945392136298035,1.1379974187088433,2565.3670997679324,3552.026137900055,428.0141650252213,352.65079140523306,0.238342855324696,0.010970166266758202,0.38004600789400567,1.4434278208981073,0.7072627500101164,1.81323135706601,7.840766424734058,1.5710458705192138
0,-1.006124921555132,354.2006232738495,8.723661962770407,1.9577515590949952,0.9406988285590718,0.29175757852100387,-0.9406988285590718,0.29175757852100387,0.0,-1.006124921555132,1500-2000,2300-2800,0.10688920454545454,3.2665615141955837,1.6796407185628743,1.672872340425532,0.23556985294117647,3.9961340206185567,0.3411764705882353,4.776639344262295,0.10283521303258146,13.776027397260274,2.1776315789473686,4.222527472527473,0.2753125,5.96375,0.46041666666666664,5.046875,0.22892156862745097,6.8734567901234565,3.5255905511811023,1.5763888888888888,1.5168897455453687,0.6989304316889149,1.7802531400958175,0.6161052999426198,0.9700801483599157,0.9969275489227448,1.1373949205639329,1.3278229893851605,0.6049355389760913,1.2831365082306236,1.6312242781884512,0.6445461726715784,1.2170500786095586,1.440205681464042,1.4495122113541625,1.545128867088405,0.617698990158556,1.303748253790769,0.6389454617639337,0.7751608354017197,0.637559234034457,0.6354660268771577,1.2789059815551052,1.2099580966179393,1.4627539211534204,5.07922009040541,1.0197967545434865
1,-8.298564416102963,369.4619767665863,0.01391878691886643,0.01886570570505085,-1.8563986105563788,-1.7243269423047611,1.8563986105563788,-1.7243269423047611,0.0,-1.460183605801526,1500-2000,2300-2800,0.3689630681818182,427.64195583596216,1.3779940119760479,3.4875886524822697,0.4381433823529412,424.9310567010309,2.976470588235294,2.5942622950819674,0.6572681704260651,431.2650684931507,4.371710526315789,3.3049450549450547,0.26546875,4.35125,0.9520833333333333,2.428125,0.3786764705882353,6.816358024691358,2.5984251968503935,1.0590277777777777,1.6090404701973964,1.4035938272191544,0.7075137303125132,1.054050159826596,1.4826932104613413,0.8060535525202287,0.8659992890205568,1.0342155213849038,0.9306949355728792,0.5902770035096525,1.3987478832672209,0.8036757426103245,1.509061879865683,1.3653962362396423,1.0136527856530602,1.9665613266173312,1.9828417217728902,1.466409860283633,1.2380561820293068,0.8222475653651603,1.0885746058193955,0.8471974965296982,1.2940731808450925,0.5539655943749227,1.3269664021201248,5.2820074007388,0.6916961375623326
3,-3.884782903188201,382.10302996635437,1.1857187987011988,9.838398972714092,0.07398170537809276,0.992924430357713,-0.07398170537809276,0.992924430357713,0.0,2.830809880316954,1500-2000,2300-2800,0.5397727272727273,4.739747634069401,2.4588323353293413,2.141843971631206,1.7271139705882352,871.5592783505155,2.4838235294117648,4.567622950819672,2.1482612781954886,18.147945205479452,6.860197368421052,6.626373626373627,0.2140625,1.4625,0.5520833333333334,1.18125,1.1860294117647059,8.944444444444445,3.358267716535433,3.2777777777777777,1.0814360735081994,0.670579096327305,1.43900663687565,1.170661460901082,1.6577566458330366,0.6789765335967127,1.2904883524999993,1.0316701111810105,0.5137047554262508,1.284456587153563,0.5411677901572557,0.5138776125232223,1.7777650826530242,0.8845019213802648,1.0231076503725518,1.202026573361795,1.5384983369209781,0.6670940774039453,1.1471735952867634,0.6033253034711076,1.0204254273282725,0.9667989073087607,0.6278930100035978,1.0270986624373772,0.9667426499916459,3.5526254652596605,1.0436645686383828
5,0.10807062662327693,394.88934898376465,4.956111318619671,3.1582820389371324,0.6951410524584133,0.4994509105133678,-0.6951410524584133,0.4994509105133678,0.0,0.10807062662327693,1500-2000,2300-2800,0.36938920454545454,5.067034700315458,3.7552395209580838,1.6923758865248226,0.739797794117647,4.61340206185567,3.514705882352941,3.4631147540983607,1.3889411027568923,19.708904109589042,9.435855263157896,4.563186813186813,0.68328125,6.16625,2.2041666666666666,3.78125,0.8974264705882353,9.08641975308642,6.2637795275590555,1.6076388888888888,0.8964820589712776,0.6752991150332017,0.9609087492772833,1.251160821760399,0.9902795281090023,1.338452417176499,0.7147696135131573,0.6184840565150913,0.9735457525701634,1.2756112534057535,0.5429351622678944,1.0832907480935419,1.20313696355486,1.346417765566763,1.2620586223532777,1.1957526536712708,0.9199343546757329,0.641931461670351,0.8983293187529583,0.8762253187840201,1.249823633516523,0.6216868346776037,0.6134403765164577,1.012315860592207,1.1958870396097319,4.967856803661913,1.289687060811209
8,0.9532088085583736,413.22443103790283,3.1333350240256848,4.450486537589775,0.49600683323160755,0.6484074916738629,-0.49600683323160755,0.6484074916738629,0.0,0.9532088085583736,1500-2000,2300-2800,0.6991477272727272,10.1096214511041,7.37125748502994,6.656914893617022,1.8464154411764706,11.410438144329897,1.6470588235294117,11.950819672131148,0.6719924812030075,20.562328767123287,2.5559210526315788,8.395604395604396,2.5003125,17.83625,2.8625,16.896875,1.3621323529411764,15.487654320987655,4.141732283464567,7.854166666666667,0.7228293944068337,1.0051496240671522,1.1506535427515703,1.2452016999195938,0.8346168189541329,1.3315180716152937,1.1457844947213924,0.9115518068499969,0.5816919430089948,1.049431218471252,0.8417520684581445,1.3845939017676125,0.5626456892421549,0.9392310525142928,1.3186234442439937,0.8992157606528028,1.227965345036935,1.0239571852091442,1.3807253636031511,0.6888206547465292,0.8265039620387133,0.8345892713224516,1.0062462960400729,1.2836548379645387,1.364527913619264,5.734781091713664,0.8588345194240522
12,-5.8314052731619315,441.2093710899353,15.276285905309232,3.25244599574761,1.184017777874862,0.5122100941959309,-1.184017777874862,0.5122100941959309,0.0,-0.8314052731619312,1500-2000,2300-2800,0.09708806818181819,3.1269716088328074,1.343562874251497,0.7367021276595744,0.1203125,2.3646907216494846,0.8264705882352941,1.9774590163934427,0.11011904761904762,17.041095890410958,2.3782894736842106,1.8131868131868132,0.27953125,5.635,1.11875,2.34375,0.30490196078431375,8.015432098765432,2.8818897637795278,0.84375,1.1738285533003756,1.560301982287499,1.2213806999790886,1.453251774114785,0.6965298611390076,1.1552072031718554,1.2833315303035566,0.8782306796246048,0.7841300952513681,0.6799428344360324,1.697510118311337,0.8360083874414017,1.5077028879988326,0.5217848232160912,1.3415803159070674,1.1171935914206732,0.7985243852358456,0.7371669499818924,0.6681674994730149,0.7465291557359044,0.7914231313631643,0.7766583243083194,0.9294157788042974,0.6333895825225258,1.3368949256905538,5.99783838745642,1.2705650955886538
13,-10.03022851168763,439.96489810943604,12.093837806201176,5.147937386442265,1.0825641398693324,0.7116332560170118,-1.0825641398693324,0.7116332560170118,0.0,-0.030228511687629744,1500-2000,2300-2800,0.13984375,2.3966876971608833,1.0673652694610778,0.08687943262411348,0.2234375,2.127577319587629,0.6426470588235295,0.6209016393442623,0.23919172932330826,14.175342465753424,3.2516447368421053,0.5576923076923077,0.18984375,2.455,0.6104166666666667,0.690625,0.3301470588235294,5.328703703703703,2.5059055118110236,0.052083333333333336,0.8674596970409729,0.8937537205611398,1.3054615734267758,0.901368169938678,0.8508559371850748,0.953150368774716,0.6761879846973253,1.1222905085756743,0.6096813941241825,0.9648122519822577,1.400192802817816,0.9449039321624881,1.5867722186332516,0.967636798071534,1.958538512332253,0.8061341497829078,0.6272595391321251,1.1504125464930721,0.7480781884128802,0.61887902686444,1.1949375071767332,1.0173259909959853,1.4924378825753322,1.0369080685030363,0.7817582531432613,4.4721566822389125,1.3527457757623182
14,0.06757718280924285,459.1676619052887,4.973417193104458,3.0687557403300563,0.6966548913872754,0.4869623218612646,-0.6966548913872754,0.4869623218612646,0.0,0.06757718280924285,1500-2000,2300-2800,0.16626420454545454,1.972397476340694,2.4550898203592815,0.35726950354609927,0.2679227941176471,2.0412371134020617,1.4073529411764707,1.2663934426229508,0.12539160401002505,14.07945205479452,2.8009868421052633,1.0494505494505495,0.38921875,3.845,1.34375,2.1875,0.5752450980392156,7.092592592592593,3.309055118110236,1.5520833333333333,0.7907174637300034,0.7785468715161356,1.6361898993361228,0.6753668460611885,0.7938167469987358,0.9147722654208796,1.117280115798423,0.9955505133536727,0.8157969617307468,1.2591735799007413,0.9910881968420788,1.0771064120512892,1.7476788590049825,0.5038032188326468,0.8752459512561579,0.7088901228049241,1.6807868036247984,0.5121776360692573,1.2657898133574754,0.9403363888958376,1.1935512876383823,0.8008415538644196,0.8412074756172271,0.7696483099310235,1.303262387994514,4.738562021137572,1.1412101857400463
15,-1.31270617734528,466.6194040775299,4.923305942461195,5.876931117410971,0.6922568244052284,0.7691506004540278,-0.6922568244052284,0.7691506004540278,0.0,0.9229381525516269,1500-2000,2300-2800,0.16328125,4.083596214511041,3.406437125748503,1.0593971631205674,0.21130514705882353,423.5644329896907,2.5926470588235295,3.7131147540983607,0.8481359649122807,22.32945205479452,11.333881578947368,3.7747252747252746,0.349375,4.8875,3.94375,3.878125,0.36151960784313725,7.987654320987654,6.405511811023622,0.8402777777777778,1.6119502140102437,0.7381383115793599,0.7799553433766606,0.851666904747033,0.8463945151513173,0.9130685023547596,1.2960471970737735,1.0449182104287653,1.425913202119127,0.5379926071885688,1.12206440336653,0.5572141468133914,1.355740434474713,1.1793385080631706,0.7571260763702433,1.8527153658981699,0.5487044925642179,0.6220422431467438,0.6003114427249069,0.9911722482696134,0.8382613982953355,1.213567503904705,0.9696467027115924,1.1779622048347593,0.991121710673452,5.460326298826545,0.8805780387178219
16,-0.17137611642853923,467.52752113342285,5.147278371400368,2.613724037300244,0.7115776560950083,0.4172597319204925,-0.7115776560950083,0.4172597319204925,0.0,-0.17137611642853923,1500-2000,2300-2800,0.25880681818181817,7.1269716088328074,1.533682634730539,1.801418439716312,0.47159926470588237,6.255154639175258,1.088235294117647,3.69672131147541,0.4369517543859649,16.504794520547946,3.5740131578947367,3.239010989010989,0.3490625,6.88,0.84375,3.871875,0.39828431372549017,9.716049382716049,3.736220472440945,1.0034722222222223,1.7779392771516171,0.7892195368091671,1.3522532164409082,0.7383232297457187,1.2001572268577618,1.0752522944249665,1.0417516256251205,1.4494667361065559,0.6272567338135896,0.8422043796632249,0.641033584311267,0.6459508605024701,1.1313104692817144,0.8183623216144164,1.1906163882700334,1.5489096032628327,0.5944634966280699,1.4699945442819935,0.9375275596360524,1.1967324866364464,0.9307197580523785,0.8364255874979404,0.7962220952632587,0.9953041468304983,1.2694711237322465,5.335573059079496,0.8900007778170355
17,0.6872282573746142,479.659126996994,4.23331174707837,4.434686463895519,0.6266802517232501,0.6468629202737048,-0.6266802517232501,0.6468629202737048,0.0,0.6872282573746142,1500-2000,2300-2800,0.30170454545454545,4.417981072555205,1.9131736526946108,0.21010638297872342,0.6014705882352941,3.926546391752577,2.0897058823529413,1.0676229508196722,1.1216322055137844,16.494520547945207,6.722039473684211,1.3269230769230769,0.29546875,3.4875,0.8666666666666667,1.06875,0.6361519607843137,7.018518518518518,4.059055118110236,0.12152777777777778,0.9951641753884625,0.7094747401530385,1.1216282803049222,0.7373403839673188,1.1475733847036036,1.4379357111902022,0.6276585284701525,0.6761406484197184,0.6865205347143757,0.7392557452888295,0.5882962243197392,1.329201074930563,1.635490648410262,1.4977682406537514,1.8443635515071382,1.279433561145663,0.5170217747835306,0.551309655280501,1.1347322872836452,0.6532486650199524,1.1531107969622492,1.4848329108570366,1.3739813903548312,0.9974103692145194,0.7411264930029281,4.956836621180717,0.6096552037616305
21,0.43833623163091096,517.3000137805939,16.732784970579406,9.158497486961393,1.2235682300681685,0.9618242305890826,-1.2235682300681685,0.9618242305890826,0.0,0.43833623163091096,1500-2000,2300-2800,0.46953125,7.08596214511041,1.7028443113772456,1.247340425531915,0.9734375,5.525128865979381,2.8676470588235294,2.6885245901639343,1.1557800751879699,16.813013698630137,5.310855263157895,2.9945054945054945,0.1140625,3.98375,0.4270833333333333,0.671875,0.7083333333333334,7.930555555555555,3.3681102362204722,0.7951388888888888,0.8770057870793603,1.4026265824217032,1.218746958753632,1.1528032109642348,1.3321905720202447,1.5851037812294824,0.8204278809114792,1.015618586246202,0.6418009592720412,1.3005757651563863,0.5265015701336055,0.5057338905898369,0.5825650451870383,0.7067423470972967,0.9219049831300795,0.8639440635560375,1.4370993250849629,0.9077705698403371,1.3165129995614742,0.6411014410932006,0.6242428506030601,1.4079720921156038,1.3870002846746616,1.1658410014760803,0.9138474790397061,3.776090406821481,1.1372215558787244
23,0.21101046139374402,537.2059850692749,14.249770049656343,6.911018537516174,1.153807856139076,0.8395420578906321,-1.153807856139076,0.8395420578906321,0.0,0.21101046139374402,1500-2000,2300-2800,0.18430397727272727,5.8974763406940065,1.7552395209580838,0.7269503546099291,0.43253676470588237,5.514175257731959,1.6485294117647058,2.9672131147540983,0.6679981203007519,18.186301369863013,5.639802631578948,3.2637362637362637,0.22453125,5.1225,0.90625,2.703125,0.358578431372549,8.657407407407407,4.216535433070866,0.3576388888888889,1.709723805838407,1.5403469075216412,1.152176616244174,0.6704131413051083,1.2676234182210124,1.4875733163477787,1.0608422930881463,1.0407328328140086,0.7403835816944164,0.7325981345113494,0.615609748076366,1.197650125909411,0.816657265689336,0.7377179799513609,0.7154878184540303,1.417962703405721,1.0757071652851768,1.173896621405936,1.0483203224933355,0.6568260715690559,0.7287849561553479,0.7063636444126306,1.1073288569757103,1.1427699613831963,0.5683509080162803,5.432446246543466,0.7342124785283259
25,-8.021493917657812,561.5936508178711,4.273999110287467,12.024258726100108,0.6308344274317347,1.0800583124018857,-0.6308344274317347,1.0800583124018857,0.0,1.9785060823421874,1500-2000,2300-2800,0.4024147727272727,6.867507886435331,1.9453592814371257,0.07092198581560284,0.6091911764705882,4.759664948453608,3.0220588235294117,0.16598360655737704,0.7825814536340853,20.036301369863015,5.0082236842105265,0.18956043956043955,0.3121875,4.20875,1.14375,0.121875,0.5992647058823529,9.66358024691358,2.87007874015748,0.06597222222222222,0.9371687987093504,0.6792407753660039,0.9832532178290074,1.013434657384375,0.8437959368273373,0.8094433416959401,1.148266054028088,1.0296582759079467,0.8774964383142148,0.6749952620294352,0.569953067400617,1.0855613766739851,0.8406575271239098,1.0672402016487816,0.9212139912118243,1.7368543955040308,0.8388715983604268,0.5184971115573414,0.6548696014692827,0.7640600852309399,0.88654303886275,0.6987894401458185,1.2784180547133457,0.500536323197687,1.2476959192868537,4.068532250196389,0.6513821875345722
28,-4.612674733328941,593.264386177063,6.508333939277233,3.2772100184179984,0.8134698282703684,0.5155042738391441,-0.8134698282703684,0.5155042738391441,0.0,-0.08042683502330461,1500-2000,2300-2800,0.33032670454545454,426.9432176656151,1.906437125748503,2.721631205673759,0.6551470588235294,426.28157216494844,1.55,5.573770491803279,1.1329887218045114,19.867123287671234,4.15625,8.035714285714286,0.33296875,4.93125,1.0395833333333333,4.5625,0.557843137254902,9.13888888888889,3.37007874015748,2.9756944444444446,1.4333239258748014,1.3006837778848235,0.9913057047159346,0.6774774760280439,1.424154387684983,0.6942696546379177,0.6413062120358789,1.347230814173746,0.5088249945913333,0.6300181368225233,0.70186202883293,1.1226646456523317,0.969305689507099,1.1770311557252773,0.7035555187274954,1.3196204493621,1.9373636087819182,0.8649715099464337,1.2532765234889551,1.2518001640652645,0.6565799894395861,1.094348089977675,0.8750667554642217,1.0296851485104137,1.3151405535746512,5.201465524273663,0.9898652787544489
29,3.7152750537587655,595.8860881328583,0.9482764091894739,3.6006561432391915,-0.02306505345092692,0.5563816489523039,0.02306505345092692,0.5563816489523039,2.0,3.7152750537587655,1500-2000,2300-2800,0.7919034090909091,9.171135646687697,5.440868263473054,4.181737588652482,1.3905330882352942,15.090850515463918,11.029411764705882,1.8237704918032787,2.306390977443609,20.912328767123288,13.353618421052632,3.1538461538461537,0.373125,4.34375,3.4,0.65,1.1839460784313725,9.686728395061728,6.082677165354331,0.4930555555555556,0.9530846231698141,0.7771663829113342,1.2201054880735793,1.1314969570179974,1.2033812270040463,1.0835792727257363,1.304828438897392,0.8411924653950659,0.7912730486861248,1.347391701625126,0.7358438432452441,1.0548583558611717,1.6345507254070517,1.2070306653223175,0.9926779716897647,1.5199712289399128,0.9247318548510134,0.8783964691254049,1.0846127041053524,0.6966622712222954,0.8224512946684251,0.8547298095914765,0.7649781974831427,0.6947841851965071,1.4675152334185741,3.234846322281938,1.0396304740141942
32,2.517248066787689,614.7312183380127,5.09472215560001,20.44072796878976,0.7071205044294788,1.3104963585488822,-0.7071205044294788,1.3104963585488822,0.0,2.517248066787689,1500-2000,2300-2800,0.2715198863636364,4.690851735015773,1.5823353293413174,0.36436170212765956,0.48299632352941174,3.4677835051546393,2.5602941176470586,0.5512295081967213,0.8419486215538847,14.757534246575343,6.2368421052631575,0.6401098901098901,0.195,3.28375,0.8208333333333333,0.415625,0.49816176470588236,6.466049382716049,3.4153543307086616,0.1076388888888889,0.9552214743527908,1.1044161962642014,1.3067447757129447,0.8398229587052385,1.2692130126946377,0.75430857760105,0.9909936978113829,1.0040294838132333,0.8948982704244067,1.0534182244226626,0.974535065679951,0.9212287018749253,0.9298614168543896,0.848029243938005,1.2882083630817918,1.0923088672616212,0.7979949044258665,1.0255789221349052,1.2759501853341122,0.6387110884299908,0.8172682248416783,0.9502978109351691,1.1727505193581496,0.7774288723474083,1.1058989678783258,4.321566487721224,0.9366468792255838
34,-1.4657097737111124,336.36690616607666,3.282761920725895,3.4987172768019716,0.516239387078763,0.5439088495871554,-0.516239387078763,0.5439088495871554,0.0,-1.4657097737111124,1500-2000,2300-2800,0.13863636363636364,2.891955835962145,1.7642215568862276,0.4317375886524823,0.2757352941176471,2.6662371134020617,1.2514705882352941,1.8872950819672132,0.27153822055137844,13.847260273972603,3.7483552631578947,1.6703296703296704,0.3646875,4.2725,1.4541666666666666,2.3375,0.3932598039215686,6.273148148148148,4.137795275590551,0.4722222222222222,0.9479292210289595,1.0353567911860106,1.518421448959683,1.1208129918282368,1.014901580681355,1.1083024830676786,1.1449394865098352,0.9768884188030169,0.9653211621897048,0.6685778626529703,1.142516823058581,1.009990856438713,0.8112111000381682,0.6902048954333159,1.418879810381071,1.2865520109562527,0.9642619012794802,0.96683535221022,1.0619247167695582,1.2126765984425563,0.8230346689574536,0.9214843170248516,0.8897018401736616,1.0184585803013477,1.1853992984649726,4.700375384865934,0.9597462161139653
35,-4.502130420854309,413.5489180088043,12.584619014828819,5.761221671695507,1.0998400723103943,0.7605145856909382,-1.0998400723103943,0.6989700043360189,0.0,-4.502130420854309,1500-2000,2300-2800,0.10539772727272727,3.132492113564669,1.5494011976047903,0.3519503546099291,0.19972426470588237,2.7287371134020617,1.0955882352941178,1.6844262295081966,0.42637844611528825,14.911643835616438,4.592105263157895,1.914835164835165,0.21171875,3.72375,1.03125,1.83125,0.29583333333333334,6.416666666666667,3.736220472440945,0.3819444444444444,1.2470572488571714,1.1753850330228852,1.2959054170710906,1.1077128158513743,1.1437042622707865,0.9123873826846799,0.7683387398660405,0.8741076057567716,1.0289024863457599,0.7950858133900064,0.9646406565655933,0.9273260930578953,0.7819673698637875,0.9079276534240318,1.2931239137327457,1.2532147167429244,1.000830407721751,0.6675711488950868,0.8260830004794939,0.7189703843895009,1.3799301312663148,0.8894998404250056,1.0545856069450055,1.0516311935311,1.1410532882237383,4.617917463483064,1.1349387713871077
36,-14.733904263579177,355.96395111083984,11.099188822224395,3.2554752032908065,1.0452912397901262,0.5126143917205269,-1.0452912397901262,0.5126143917205269,0.0,-4.733904263579176,1500-2000,2300-2800,0.08742897727272728,2.060725552050473,1.7350299401197604,0.3448581560283688,0.12509191176470588,2.0096649484536084,0.75,1.8627049180327868,0.03923872180451128,15.673972602739726,2.4226973684210527,1.5576923076923077,0.225625,4.075,0.9041666666666667,2.2875,0.3014705882352941,6.686728395061729,3.3031496062992125,0.5138888888888888,0.99313407132342,1.5095708073756462,1.5642907956484333,0.7922853132108029,0.7108802840566535,0.8726543553231644,1.050722248705414,0.8515326255545352,0.8817370357414687,1.0224096584301878,1.122716762492343,0.7386550680850253,1.2585196745295364,1.029415919436581,1.5440825206296975,1.0309647336327297,0.9994975918464746,0.8473697758051446,0.8399535120281519,0.7980162761272095,0.987974635800222,1.165999903695658,1.1078434873406842,0.9449192208924697,1.308399017976793,4.771902264858124,0.8092628087699454
37,-2.1377031366266452,365.7919180393219,4.223896794589182,3.4582698966740564,0.6257132982462663,0.5388588842836508,-0.6257132982462663,0.5388588842836508,0.0,-2.1377031366266452,1500-2000,2300-2800,0.23025568181818182,5.23186119873817,2.1130239520958085,1.1303191489361701,0.5236213235294118,5.564432989690721,1.075,3.831967213114754,0.6385494987468672,19.506849315068493,3.7203947368421053,4.195054945054945,0.65140625,8.17375,1.1916666666666667,5.178125,0.5986519607843137,9.876543209876543,3.8622047244094486,2.0104166666666665,1.0630591447857158,1.0269116105844152,1.0593666485185478,1.116321655208292,0.8716250772190189,0.8863664128149765,1.1371399712383572,0.8121060564688487,0.8007379821493761,0.7462509785112083,0.994752032240733,1.1426839755264497,1.134531089386923,0.9703990430464967,1.457750884042955,1.2008695447477686,1.508973614952264,0.7740206970185702,0.9156883500574066,0.8457251455261797,0.855469568728993,1.2029850510971587,0.8540055684463602,1.099174270366846,1.1429641742985481,4.9472241904106955,0.803312916095176
38,-6.210086194257304,367.7197630405426,24.238144366420833,5.577988617554701,1.3844993678775601,0.746477623717267,-1.3844993678775601,0.6989700043360189,0.0,-6.210086194257304,1500-2000,2300-2800,0.3231534090909091,6.590694006309148,2.9543413173652695,0.7367021276595744,0.5810661764705882,4.93298969072165,5.367647058823529,1.2315573770491803,1.1701127819548873,20.524657534246575,10.414473684210526,1.7774725274725274,0.31515625,4.89875,2.1479166666666667,1.00625,0.5466911764705882,8.467592592592593,4.998031496062992,0.2604166666666667,1.137477302438494,1.0431639162727255,0.9006502289770788,1.0197756822959942,0.9997197138589056,0.9996526815997273,1.0705306070753267,1.0004026742187235,1.1349583189547836,0.9216296625090922,0.841029815074888,0.8944913034249635,1.036284331841073,0.665186587588989,0.954320719627552,1.012142343455,0.8911771232881308,0.8105820947987409,0.8736403591110893,0.8326205208746355,1.2348837603882525,0.8974497702908879,0.8544066121339804,0.8346245335839761,1.1684752032141388,4.444696321135252,1.0626194477158286
39,-6.515032134325262,369.94885206222534,27.247313661645904,9.265366685449807,1.4353236912222196,0.966862611605225,-1.4353236912222196,0.6989700043360189,0.0,-6.515032134325262,1500-2000,2300-2800,0.17137784090909092,4.6301261829652995,1.6160179640718564,0.26595744680851063,0.3185661764705882,3.8163659793814433,1.7661764705882352,1.1598360655737705,0.618577694235589,16.184246575342467,5.703947368421052,1.706043956043956,0.21578125,4.03375,1.0875,1.175,0.3756127450980392,8.094135802469136,3.533464566929134,0.2743055555555556,1.5097536717900286,1.1074228429139508,1.280568873630465,0.8972744466853676,1.2681435216640418,1.0772212794090599,1.1854744458672801,0.9660719641771662,1.0118138585957317,0.7363341555126647,0.7312184404825856,0.8885029785872015,0.9160856088086015,0.7008176438247707,0.9199442483625015,1.118018253664126,1.26365472141856,0.8683139107577073,0.8658226146562178,0.9904636255616873,1.0873657338675895,0.9488739415217934,0.9626566755465223,0.861688665400879,0.9168478105073213,4.936274879456633,1.0401330510895042
40,-3.25186942377608,377.54532289505005,6.512791175864767,3.496051584314751,0.8137671533191584,0.54357783204629,-0.8137671533191584,0.54357783204629,0.0,-3.25186942377608,1500-2000,2300-2800,0.14772727272727273,3.3115141955835963,2.716317365269461,0.22606382978723405,0.3798713235294118,3.7003865979381443,1.7294117647058824,1.7397540983606556,0.3699874686716792,15.21986301369863,4.134868421052632,1.6153846153846154,0.5146875,5.9,1.9166666666666667,2.359375,0.504656862745098,8.506172839506172,4.2204724409448815,0.4027777777777778,1.116257374928494,0.9782976271402871,1.4246015407021517,0.9602583656375743,1.0232359577951047,1.3747060663995865,1.4324213342520353,0.947226188452471,0.8431888158307175,1.035674940063933,0.8916062986139983,0.9762980020897152,0.7642982760290361,0.858735707573755,1.2058347202366901,1.1231510346274762,0.8711967253152377,0.6981541230295283,0.8299521199249008,1.057399435034484,1.124250903632569,1.2979261349972766,0.8956491986321828,0.9539900487732189,0.9890768863099577,5.026360407966319,1.0515808376543538
41,-3.498848836427975,384.1414701938629,8.563010467369816,6.699909502595185,0.9326264749060053,0.8260689366194024,-0.9326264749060053,0.6989700043360189,0.0,-3.498848836427975,1500-2000,2300-2800,0.10717329545454546,2.841482649842271,1.1444610778443114,0.15868794326241134,0.18161764705882352,2.3434278350515463,0.763235294117647,1.1598360655737705,0.3168076441102757,14.495205479452055,3.455592105263158,1.4395604395604396,0.19640625,3.2525,0.7166666666666667,1.453125,0.3037990196078431,6.313271604938271,3.122047244094488,0.28125,1.1492098181899573,1.075377780774711,1.349863931201113,0.9464412101298613,1.0345955558844584,1.2205950848790936,0.8169127683967062,0.8348088871293194,0.842359602199991,0.6545598913561885,1.0669039370768245,1.0579069890579071,0.9394950179480325,0.8609259216752619,1.5623815255045088,1.298195037145732,1.5399040162081217,0.7261191561244753,0.9496706526951812,0.9857538287343806,0.9948965864128138,0.8082326103061857,0.9578287178542435,1.0431388155632553,0.9510234431464785,4.573826986636354,1.1443517305072992
42,-15.054936747017212,394.24601101875305,15.09170784719116,4.704330908592989,1.1787383893239871,0.67249786297557,-1.1787383893239871,0.67249786297557,0.0,-5.054936747017212,1500-2000,2300-2800,0.11548295454545454,2.8146687697160884,0.7230538922155688,0.015957446808510637,0.18189338235294117,2.144974226804124,0.5485294117647059,0.19057377049180327,0.3717105263157895,13.70890410958904,3.476973684210526,0.2554945054945055,0.153125,2.3475,0.39375,0.175,0.31605392156862744,6.549382716049383,1.9606299212598426,0.03125,1.179033499319182,0.8197498917582777,1.4379659003461178,0.8147779911535472,1.1969770667105963,1.2851829278272426,1.0677522463269433,0.7319299655240699,0.6859362341892924,1.0723845222446107,1.192000958317119,1.0007891944714202,0.7372259028708223,0.7394439215787603,0.9607586930415406,1.040330084292113,0.701376115895317,0.690310165885754,1.2719182714051822,0.999226786927908,0.8117759866784053,0.7846529514375215,1.0157773824648024,0.8819580392122777,0.7724763898595001,4.40804433851628,0.8953841885750398
43,-3.5556732664117017,397.08238887786865,8.751796550386882,9.95683495816773,0.9420972132366264,0.9981213084431553,-0.9420972132366264,0.6989700043360189,0.0,-3.5556732664117017,1500-2000,2300-2800,0.16498579545454545,4.257886435331231,1.31437125748503,0.16312056737588654,0.2584558823529412,3.1733247422680413,1.2661764705882352,0.6045081967213115,0.5823151629072681,18.495205479452054,5.266447368421052,0.6373626373626373,0.21125,3.68125,0.9729166666666667,0.6,0.410906862745098,8.257716049382717,3.283464566929134,0.1701388888888889,1.1378646093788674,0.9006858799384354,1.016563667195014,1.0073089048120085,0.883012602479877,0.9345003506746544,0.9519220074047694,0.8101529887084289,0.9575936303177823,0.8410516928376057,0.6676593845056145,1.1680186485855504,0.9676403529436691,0.7822384140237768,1.372495505657148,1.3657566900476386,0.7700143242169495,0.9099967550163242,0.8391110130643915,0.9497442246033164,1.0574720272605986,1.0969385907979183,1.1741833979683214,0.9151689342307694,1.1002741476822253,4.14836833739691,0.8351650041292058
44,-3.828436895697213,402.76392912864685,9.717573141105454,15.402551519534956,0.987557818117545,1.1875926701293493,-0.987557818117545,0.6989700043360189,0.0,-3.828436895697213,1500-2000,2300-2800,0.2002840909090909,4.808359621451104,1.221556886227545,0.29521276595744683,0.35891544117647056,3.726159793814433,1.660294117647059,0.5901639344262295,0.7776472431077694,15.923287671232877,5.881578947368421,0.9917582417582418,0.16328125,3.3825,0.73125,0.50625,0.38651960784313727,7.179012345679013,2.9606299212598426,0.14930555555555555,1.3628464549581372,1.1090093015027505,1.1996894299273158,0.9439615824141458,1.3730169783845059,0.8469672417991364,0.8709271700721526,0.93395833571414,0.9324950090278381,0.9185163855127482,0.8517721177642082,0.9899966653080853,0.9779397169613869,0.6539040467001386,1.623411936517666,1.0736344758283165,1.0299607685453616,0.9362850641961766,1.0412054013578953,0.9900311332847811,0.8282885822074394,1.0429170433247876,0.6953660212334906,0.6578521020785081,0.8909521861531514,5.499537987293358,0.6819290696487442
45,-2.526080769035579,410.415256023407,5.8951989161252,54.85326839462664,0.7704984636739393,1.7392025098233146,-0.7704984636739393,0.6989700043360189,0.0,-2.526080769035579,1500-2000,2300-2800,0.39886363636363636,6.436119873817034,2.069610778443114,0.5629432624113475,0.8053308823529411,5.586340206185567,2.445588235294118,1.9344262295081966,0.8920739348370927,16.47739726027397,5.177631578947368,1.945054945054945,0.3696875,4.7725,0.91875,1.665625,0.4829656862745098,7.287037037037037,3.59251968503937,0.22569444444444445,1.1000247482272127,0.8701756699641862,1.1878488838271088,1.095563532761303,1.262575456343442,1.1063774440964373,0.8735509889419593,1.2075641745046648,0.7161220080928844,0.6890969893924851,0.8914586878516392,0.9359027207275645,0.9101781639405309,0.7695549192422678,1.8810228662204178,1.3748211853464964,0.8660998659257066,0.7897070081103353,1.1496868399359834,1.0931878717865378,1.1163417721675446,1.1122046957834892,1.0166081240295202,0.9977446682499873,0.8536791012269074,4.816300525739558,1.1885470318496136
46,-3.2736589162674656,421.4878511428833,7.117264113752938,4.105882585729933,0.8523130823171101,0.6134065258783984,-0.8523130823171101,0.6134065258783984,0.0,-3.2736589162674656,1500-2000,2300-2800,0.40454545454545454,5.715299684542587,3.50374251497006,1.1648936170212767,0.7592830882352941,4.900128865979381,3.1941176470588237,3.3811475409836067,0.6173245614035088,16.612328767123287,5.327302631578948,2.8763736263736264,0.639375,6.29875,1.9125,3.759375,0.6806372549019608,7.970679012345679,6.102362204724409,0.8472222222222222,0.8284433276921964,0.842893644735415,1.206390416263209,1.0971425369330055,0.9438532647156765,1.0335246031989098,0.8206514583624896,1.231297288072176,1.0727100768410494,0.8777300132023826,0.5914355314797954,0.8332007225139203,0.7741318955251042,0.8953314169244222,1.7674619470119137,1.0961996575717259,0.7275464313373061,0.8871224320814813,0.8412621100805814,0.942680889667546,0.8076510950054228,1.132971371400704,1.0177436994986298,1.0818781838752072,1.1577688985916752,4.961517990422015,0.8986789080028148
47,-3.444310053380557,425.4819016456604,8.3856489544368,8.536064564363109,0.9235366777314357,0.9312576913137907,-0.9235366777314357,0.6989700043360189,0.0,-3.444310053380557,1500-2000,2300-2800,0.1416903409090909,3.447160883280757,1.279191616766467,0.1356382978723404,0.22242647058823528,2.672680412371134,1.0308823529411764,0.735655737704918,0.30200501253132833,16.198630136986303,3.5296052631578947,0.7802197802197802,0.2559375,3.8325,1.0,1.00625,0.35490196078431374,7.12962962962963,3.1496062992125986,0.1527777777777778,0.9903392376736367,1.0913257165407193,1.193484080727084,0.9124652010429429,0.8662410317968607,0.9154406877014158,1.0290198132124455,0.9728291976343127,0.9047134787699146,0.6713436729083551,0.9810169582859893,0.9865975048201187,0.7931346902501543,0.7863317013880169,1.5580171992949605,1.3335015389731746,1.028217450078246,0.7616207949692505,0.9427016163907167,1.1069750397727192,0.9331092293363025,1.0808423431305176,0.982786707842504,0.8050962493351627,1.0106313579550983,5.00174689805744,1.0612587292330367
48,-7.047208933342896,434.3040990829468,4.905536269448472,5.584495592245404,0.690686491058492,0.7469839525001771,-0.690686491058492,0.6989700043360189,0.0,-2.0472089333428953,1500-2000,2300-2800,0.1455965909090909,2.5646687697160884,1.6489520958083832,0.09485815602836879,0.23731617647058822,1.9929123711340206,1.6661764705882354,0.5,0.3354479949874687,13.152739726027397,4.421052631578948,0.510989010989011,0.24140625,2.5775,1.65,0.571875,0.32941176470588235,5.183641975308642,3.545275590551181,0.10416666666666667,0.8788133592948268,0.9958518340052865,1.4454923429457895,1.119108312338562,1.0814076853925239,0.9853769961368255,1.149405636223098,1.1157939738392113,1.0986054981280082,0.836877406700186,1.3864057339798728,0.7441731682453839,0.7858930984245367,0.7271027952560658,1.3161580537232005,1.250334345805868,0.8291823080460948,0.8381489236067287,1.0993811593434073,0.8609749734549059,0.8548433754033943,1.1321918184098927,0.96245620322889,0.8463152729455106,0.9105154210510937,4.7324781438107495,0.9812317996861242
49,-3.902972848605872,445.0076379776001,8.368170715471539,3.5016288630603367,0.9226305314747324,0.5442701134141741,-0.9226305314747324,0.5442701134141741,0.0,-3.902972848605872,1500-2000,2300-2800,0.17137784090909092,4.107255520504732,1.0815868263473054,0.15691489361702127,0.3161764705882353,3.2802835051546393,1.1161764705882353,0.5122950819672131,0.48331766917293234,15.836301369863014,3.6809210526315788,0.6593406593406593,0.1846875,3.35125,0.6854166666666667,0.49375,0.4176470588235294,7.561728395061729,2.627952755905512,0.10069444444444445,1.0413012663749086,1.2235203047343015,1.241376865605505,0.8259626711808742,1.0376423810632036,1.127489606627121,1.0140611288418355,0.981193992413756,0.7717559074918633,0.9696663978007992,0.8886276625888794,0.9444476069376077,0.8079764342209993,0.7557255905693906,1.7921399592482397,1.2438553257350984,1.0583949388518432,1.0057302902637009,1.2023744405568424,1.0067234495533681,1.1540411268662387,0.8962293231124233,1.1783929296922684,0.8998012438050175,1.178056616083552,3.997174091832563,1.1203983400203852
50,-3.0677786885468694,456.7802150249481,7.0032962945459944,4.6559907136305165,0.845302500817171,0.668012105452052,-0.845302500817171,0.668012105452052,0.0,-3.0677786885468694,1500-2000,2300-2800,0.22357954545454545,3.6033123028391167,1.497754491017964,0.5735815602836879,0.41121323529411763,3.2087628865979383,1.0602941176470588,1.9180327868852458,0.4866854636591479,12.86917808219178,3.7171052631578947,1.9038461538461537,0.286875,3.42875,0.8145833333333333,2.040625,0.4345588235294118,5.808641975308642,3.456692913385827,0.4791666666666667,0.9932426305579788,0.8263414239576958,1.579035883025598,1.1805996892764092,1.2790349350637404,0.8172954285342025,0.7856732301016913,1.110245301830874,0.7912285148283703,0.7953087351001289,1.0468437269362656,1.1017615326193981,1.148549366656311,0.9078208498234257,1.8506650062604162,1.1645003383137527,1.2350009949320595,1.0120340168664381,0.9723817922454013,0.872281897594374,0.8498746642536125,0.8948407762676766,0.9451540679269202,1.1792916413314387,1.2454094688234,3.955776935413521,1.0288062775249849
51,-3.190770480022906,467.8198447227478,7.608167794047356,5.687522174780185,0.8812800821718271,0.7549231029239517,-0.8812800821718271,0.6989700043360189,0.0,-3.190770480022906,1500-2000,2300-2800,0.13515625,3.3958990536277605,1.5419161676646707,0.31560283687943264,0.2662683823529412,3.0573453608247423,1.2088235294117646,1.1454918032786885,0.4094611528822055,15.763698630136986,4.082236842105263,1.25,0.23890625,3.95875,0.9354166666666667,1.38125,0.3258578431372549,6.700617283950617,3.1122047244094486,0.3506944444444444,1.071127810610561,1.1180342311953555,1.177732427250976,1.114935186426023,0.9696624918051285,0.9720173931833979,0.8842845230227336,1.098368025457789,0.898216388141221,1.044873890203631,1.2321242844200158,0.8470406563592051,0.84134929535999,0.9094392463781841,1.5823486921785321,1.1290827589516117,1.105038039346938,0.961746347268573,1.350134305169508,1.0220655155071081,0.7269699169184562,0.838623326736788,1.096101364124838,0.9764015020630212,1.2213732540836875,4.385631945263503,0.8489662090788063
52,-9.735579500721434,466.6658868789673,13.764113724823972,5.375768262394742,1.1387482522882484,0.7304405389726687,-1.1387482522882484,0.6989700043360189,0.0,-4.735579500721434,1500-2000,2300-2800,0.11072443181818181,2.478706624605678,1.2567365269461077,0.08244680851063829,0.10965073529411765,1.6018041237113403,0.725,0.5430327868852459,0.1674498746867168,12.444520547945206,3.2746710526315788,0.6181318681318682,0.1559375,2.535,0.9041666666666667,0.6375,0.3392156862745098,6.104938271604938,3.3858267716535435,0.14930555555555555,1.0864336534176597,1.2190803253822111,1.7969534302815893,1.5755729441275619,1.0780469934219208,0.8068224006311776,1.0665502669473241,1.0287444334470013,1.0648356490257767,0.9842129242659444,0.7899338682001678,1.0240804606366696,1.0664392051950022,0.7336068651765344,2.0279417164097597,1.2818259492635604,0.9532471632106807,0.8432865785948647,1.0801123986017422,0.7803158170648871,0.8800113371923808,0.9401625532897846,1.029891826740816,0.9756058627765647,0.9832636910389057,4.399344230292105,1.3790520934902941
53,-9.052323379751726,481.84014201164246,8.872037396167404,3.5097183595881734,0.9480233637270311,0.5452722675368198,-0.9480233637270311,0.5452722675368198,0.0,-4.052323379751727,1500-2000,2300-2800,0.16967329545454546,3.467665615141956,0.9431137724550899,0.06471631205673758,0.2208639705882353,2.3176546391752577,0.8764705882352941,0.32786885245901637,0.37374686716791977,13.267808219178082,3.388157894736842,0.38186813186813184,0.170625,2.78375,0.6145833333333334,0.375,0.49240196078431375,6.979938271604938,2.9940944881889764,0.10416666666666667,1.0076825338061814,1.150861380099145,1.6147528983074546,0.990421713644747,1.1630644801608307,1.0337384228772095,1.1315635644593678,0.8389061149449064,0.8553992606054247,0.8068562703459621,0.7373063164591537,0.936208718799037,1.1016464568009916,1.012098946287551,1.837460043597685,1.0266477478036475,1.0066038649584128,0.8707453572121613,1.2919944021718426,1.0449738463150164,0.7826381072113869,0.8583721305011568,1.3782226072434993,0.8809052838216633,1.2689391220800552,3.749540846643557,0.9548482566306066
54,-2.5967075294239055,492.20517778396606,6.057167596810528,6.663718110080249,0.782269590405327,0.8237166171828593,-0.782269590405327,0.6989700043360189,0.0,-2.5967075294239055,1500-2000,2300-2800,0.19545454545454546,3.8880126182965298,2.2447604790419162,0.8945035460992907,0.46599264705882354,4.146907216494846,1.361764705882353,2.8360655737704916,0.6107456140350878,15.627397260273973,4.182565789473684,2.769230769230769,0.44734375,5.32875,1.1458333333333333,3.015625,0.4946078431372549,7.382716049382716,4.0984251968503935,0.6527777777777778,1.0583104503504897,0.9489030157750828,1.3161307227924657,1.14068757850212,1.13909740792499,0.9196483502484281,0.9859322446535984,0.905378638082732,0.7678115204662592,1.0241140372296693,1.0073602316072086,1.2611171560225063,0.9297306790395876,0.6552199209591922,1.4333584611577461,1.1426968423512474,0.7225658840765932,0.8768318421093853,0.7987927575438686,0.9650833275926015,1.0024172477997948,0.8908570391561594,1.0555128891510959,0.9421718711983471,1.1768343119220788,5.174052094618999,0.8407159296471142
55,-0.2228552243732702,505.0228011608124,2.1323557269167557,3.832077106105722,0.3288596569180528,0.5834342390450155,-0.3288596569180528,0.5834342390450155,0.0,-0.2228552243732702,1500-2000,2300-2800,0.34786931818181815,4.151419558359621,3.1152694610778444,0.5026595744680851,0.5723345588235295,3.0592783505154637,3.7558823529411764,1.2151639344262295,0.6844454887218046,14.495890410958904,5.055921052631579,1.2307692307692308,0.49375,3.57875,3.4145833333333333,1.928125,0.5974264705882353,6.305555555555555,4.350393700787402,0.4791666666666667,0.7724993599755001,0.7051482387316316,1.370067292945449,1.2848093424578257,1.1090177841814328,1.1230002567913042,1.156365968895053,1.1528159802665232,0.9071880671563657,0.6966957338442178,1.1330702199811908,1.363948445410667,0.8519405810198193,0.9178647631511478,1.3353091567086592,1.368989967540731,1.2170697047527723,0.9845649317671316,1.3143959941802585,0.9756724235009606,1.3128668864836366,1.1079591981938557,1.1026115814833606,0.8722726385097389,1.1481649781131806,4.21962507823074,0.9626560695404124
56,-12.88372923131693,510.9086682796478,6.762488517780122,6.210559532966467,0.8301065407208311,0.7931307291904908,-0.8301065407208311,0.6989700043360189,0.0,-2.8837292313169303,1500-2000,2300-2800,0.21328125,4.478706624605678,0.686377245508982,0.05230496453900709,0.2795955882352941,2.9929123711340204,0.6573529411764706,0.14754098360655737,0.38549498746867167,15.381506849315068,2.6595394736842106,0.12637362637362637,0.20625,3.16625,0.42083333333333334,0.165625,0.4661764705882353,8.38888888888889,1.937007874015748,0.05555555555555555,1.066920868988661,0.791404866269562,1.3568826325839602,0.8395720530119142,1.0212190196320374,0.7638663000087283,1.265655640368989,0.8507276045764006,0.6966104847180603,0.752442890886804,0.7486791425644944,0.9997156944939947,0.8964578735622709,0.7055986999627442,1.2449814178415912,0.9114064386345369,0.8282098259770945,0.9496363476466567,1.106757872764585,0.8307151007113307,0.9931062581131214,0.94034160983955,0.854049420924923,0.656889530643944,1.054188930929827,4.2741926324542705,0.911064767505208
57,-2.274876887010496,532.8681149482727,4.432444616570895,3.4276331934990045,0.6466433178038098,0.5349943399374542,-0.6466433178038098,0.5349943399374542,0.0,-2.274876887010496,1500-2000,2300-2800,0.8509232954545455,11.727129337539433,4.054640718562874,5.011524822695035,1.011764705882353,6.291237113402062,8.713235294117647,3.9938524590163933,1.924577067669173,22.415753424657535,11.169407894736842,5.024725274725275,0.854375,7.10625,9.110416666666667,5.58125,0.8026960784313726,8.612654320987655,7.187007874015748,1.6597222222222223,0.9711365228617883,0.9156289220495916,0.9315544839759363,1.2579377131721445,1.111941028510783,0.8784902268383294,1.1607226834611652,0.8258475452038768,0.9466952241427812,0.5732088623328192,1.1592642316198223,1.11841675243328,1.106845741886198,0.834598685582213,1.5445490081967845,1.3414598741229755,0.9045831183920537,0.9587045275285299,0.9545296538795606,1.1637992756730153,1.0199004772530318,0.8169537032866252,0.7928177676021658,0.8509918895727631,1.1479565561547385,5.400015030486309,1.274018483401954
58,-12.943322986985875,540.854248046875,6.918928351607368,6.201001543611814,0.840038833332322,0.792461839462648,-0.840038833332322,0.6989700043360189,0.0,-2.943322986985875,1500-2000,2300-2800,0.1002840909090909,1.912460567823344,1.3300898203592815,0.09840425531914894,0.12582720588235294,1.4439432989690721,0.8661764705882353,0.6967213114754098,0.08983395989974938,12.223972602739726,2.8914473684210527,0.5631868131868132,0.17015625,2.3875,0.98125,0.8125,0.297671568627451,5.109567901234568,3.3464566929133857,0.13541666666666666,0.9168586728819514,1.1157706505850264,1.8794602372570768,0.9163545854091555,1.025184231670495,0.8075236753473243,0.9057545046270281,1.1076766557969124,1.0888261895857576,0.9318668686509292,1.028018508653803,1.0889438519186867,0.9041130081566086,0.8584733365499562,1.6420052414121813,1.762630620384564,0.8161593954202206,0.8496277067297349,1.0542748101696362,0.7326256313849949,1.0214798164975079,1.0527401467542465,0.8006430096242632,0.9702587184414475,1.1093571047432813,4.313237074741659,1.016767714134304
59,0.35942298100324244,551.2307240962982,1.774386626964435,4.1486249196283564,0.249048255690788,0.6179041717159901,-0.249048255690788,0.6179041717159901,0.0,0.35942298100324244,1500-2000,2300-2800,0.5030539772727273,7.30993690851735,3.7619760479041915,2.641843971631206,0.8990808823529411,5.673969072164948,3.386764705882353,4.397540983606557,0.7171835839598998,18.626712328767123,4.988486842105263,3.741758241758242,1.13546875,9.1625,3.25,6.259375,0.8738970588235294,9.669753086419753,5.830708661417323,2.3819444444444446,0.7322264942516893,1.017359459313625,1.1179611545107921,1.179737364797049,0.8600734170514154,1.1450065468060506,1.0806217978141048,1.0464911554912866,0.9690651812336205,0.8625637621263637,0.8494576201500811,1.1625849564621171,0.7602253389643874,1.016470485332536,1.5687278976541605,1.0845763349673618,0.931562789181945,0.9570712903548518,1.0334375825676867,0.873395348931464,0.9647654959189756,1.0177809899286212,1.0473687991468188,0.8514165552061278,1.268588817284977,5.668836774914519,1.1722776316445502
60,-0.9367896323380394,562.5116109848022,3.2034400989682874,5.354402148602038,0.5056166075576827,0.7287109862762691,-0.5056166075576827,0.6989700043360189,0.0,-0.9367896323380394,1500-2000,2300-2800,0.9093039772727273,11.322555205047319,4.561377245508982,3.9379432624113475,1.495955882352941,8.375,4.652941176470589,5.456967213114754,1.3265194235588973,19.59109589041096,5.253289473684211,3.978021978021978,1.4734375,10.83125,2.71875,7.803125,0.6980392156862745,8.657407407407407,3.7440944881889764,1.3333333333333333,0.9089073044810418,0.9684392192985909,1.0590511922620376,1.3336982412881626,1.169592680382993,0.8397731246656044,1.0652288469099953,1.2000096875838828,0.6484551124987429,0.6340291903044559,1.474084607766977,1.4195644456218341,0.8363155783561498,0.8112061758231874,1.4552308416729016,1.2216417240849298,1.0533128432838879,0.7366391637323572,1.270449245509286,1.140374021102805,1.340478769348611,0.7328894499289226,0.9298574528714519,0.8668224882888345,1.0580036649056659,5.19376804135301,1.4717299129429178
61,-3.5678075332312074,573.882700920105,8.792646053032083,12.151801597772383,0.9441195910398773,1.0846406701986548,-0.9441195910398773,0.6989700043360189,0.0,-3.5678075332312074,1500-2000,2300-2800,0.22059659090909092,4.343059936908517,1.9199101796407185,0.37056737588652483,0.34678308823529413,3.1217783505154637,2.5617647058823527,0.7274590163934426,0.9987468671679198,17.567808219178083,8.34375,1.1565934065934067,0.2946875,3.66875,1.7208333333333334,0.765625,0.4699754901960784,7.1234567901234565,4.291338582677166,0.1527777777777778,1.1114270546747222,0.77081272866716,1.0531119807021811,1.2580281722986222,1.1813433551240375,0.9307198998574496,1.0768570854769677,0.7301588663700161,1.0603565616291313,0.7779609933419673,0.9972309423526328,1.1973730393555058,0.8209293682008265,0.5592565579684244,1.4170405933736916,1.36303805392736,0.8937096332485303,0.8841660721461447,1.0548726357245353,0.9053886197500343,1.156716459368984,0.9494140613907094,1.242599951442363,0.8527719625162713,1.084690759697195,4.4503501163915065,1.035855798403454
62,-2.6226353515247243,578.9639728069305,6.117738285319637,5.325762695143011,0.7865908940887968,0.7263818112875775,-0.7865908940887968,0.6989700043360189,0.0,-2.6226353515247243,1500-2000,2300-2800,0.42578125,5.865141955835962,3.1324850299401197,2.24468085106383,0.9121323529411764,5.570876288659794,1.8838235294117647,5.155737704918033,0.7702850877192983,15.21027397260274,3.986842105263158,4.626373626373627,0.84375,7.38375,1.1208333333333333,6.159375,0.6640931372549019,7.16820987654321,4.478346456692913,1.8854166666666667,0.9115185473499754,0.9604931109471438,1.4064469141326825,1.1831928960130178,1.1621859300982027,0.9106636317795769,1.0998959810603373,1.0474573015716715,0.7814996690644581,0.909101823545349,1.3340714770465658,1.0986718170782597,1.40499751321125,0.6832969134523197,1.582310206664481,1.19206663818759,1.2162719501482244,0.8279823374559068,1.0507681607377204,1.0786383257563956,0.8916440306850314,1.0377546118705445,0.9673699855780158,1.2042377522951937,0.9694681719808078,4.983453376115013,1.1793935943009994
63,2.0357291659990917,597.0450928211212,0.7352490219795755,1.946636665433054,-0.1335655444553392,0.28928489919384276,0.1335655444553392,0.28928489919384276,3.0,4.268551330947545,1500-2000,2300-2800,0.7606534090909091,5.731072555205047,7.229041916167665,3.1906028368794326,0.7909007352941176,423.2822164948454,8.701470588235294,2.8258196721311477,2.1401159147869673,14.395890410958904,13.745065789473685,4.983516483516484,0.34859375,2.67625,1.83125,1.603125,0.6680147058823529,4.263888888888889,7.131889763779528,0.9097222222222222,0.7676821761913004,0.9287529185200726,1.2894505265277059,1.2860513215813243,1.5616427136795734,1.4632199913473818,0.9899896116685677,1.089350456306584,1.0258322186441653,0.7760839954216293,0.9403740288139915,1.2924700024954545,1.1279875005362987,0.8887414015339934,1.5203366105394285,1.4006622310991372,1.4891705979796404,0.8250741994703628,1.3173878479131715,1.1272208429087736,0.998442858281917,0.8990908073401627,1.1740260724593352,0.8836407386846727,1.0645429290217514,3.720336434673728,1.0797820267073286
64,-2.706738323231996,600.9718251228333,5.960167918978285,4.449086846640596,0.7752584955291288,0.6482708833142591,-0.7752584955291288,0.6482708833142591,0.0,-2.706738323231996,1500-2000,2300-2800,0.17002840909090908,2.567034700315457,2.0419161676646707,0.31382978723404253,0.2977941176470588,2.26159793814433,1.7470588235294118,1.3688524590163935,0.29346804511278196,12.956849315068494,3.8289473684210527,1.1373626373626373,0.32671875,3.3225,1.8145833333333334,1.553125,0.4438725490196078,5.458333333333333,4.4921259842519685,0.2777777777777778,0.8750909611358672,0.9367685030076163,1.5855597525359835,1.0349286567006246,1.0429265947627044,1.0312342266649526,1.119355769749629,1.1521461299596003,1.1516473726946928,0.756233915785659,1.232069248038355,1.0537687167462069,1.178613491903152,0.6964088445558926,1.6187270546423256,1.2527023451527346,0.8449611403623498,1.2288153430214437,1.300397466517871,1.2865609889365004,1.1026651526454743,0.7857391630840657,0.9339506250258053,0.8205243761315502,1.2684017528210885,4.72329259865808,1.1740010169226418
65,-1.4307818200841331,625.5866837501526,3.872118492056181,6.177193132167658,0.5879486388486983,0.7907911799303595,-0.5879486388486983,0.6989700043360189,0.0,-1.4307818200841331,1500-2000,2300-2800,0.3456676136363636,4.026813880126183,2.6422155688622753,0.924645390070922,0.6358455882352941,3.422036082474227,2.6029411764705883,2.2110655737704916,0.5386121553884712,12.945890410958905,4.559210526315789,1.6016483516483517,0.58546875,4.34625,1.7458333333333333,3.40625,0.557843137254902,5.962962962962963,4.110236220472441,0.7152777777777778,0.8195801970997181,0.6633916008095643,1.567963582176191,1.2402678806569225,1.1718065520369496,0.9049526306424238,1.1249011604114743,1.2973425791891937,0.908995121809082,0.7984761507206609,1.1659518622703704,1.0919354081351074,1.0724532575960415,0.8983626494609194,1.3700141313763428,1.5143773907619962,1.507925237794447,1.337529265756971,0.8828482799149266,0.9288159804752938,0.9097895405072389,1.0520518662432157,1.1371393983823093,1.0785615362861645,0.9561824555614495,4.195769518324919,1.163999809935648
66,-4.683223091718821,628.3117301464081,13.490317904807412,6.0090135836814955,1.1300221841211462,0.7788031857663887,-1.1300221841211462,0.6989700043360189,0.0,-4.683223091718821,1500-2000,2300-2800,0.3144176136363636,5.818611987381703,1.655688622754491,0.7792553191489362,0.5599264705882353,4.52319587628866,2.0352941176470587,1.4282786885245902,0.8611372180451128,17.301369863013697,5.026315789473684,1.664835164835165,0.42015625,5.3225,1.2541666666666667,1.540625,0.5410539215686274,7.796296296296297,3.578740157480315,0.4583333333333333,1.0077790760534564,1.0365600556298298,1.148181591718275,1.1189954580089339,1.102387576923339,0.847485915911612,1.094752526517345,0.9566509256307962,0.809087990598472,0.7363322766587702,1.1998840064758685,1.195083649289904,1.0012400917957744,0.9046419172050197,1.9026155505989704,1.1833198506671108,0.869312184907525,0.8633225697094444,0.8187267873700989,0.9256064506180145,1.0054701550768872,1.0139388767391149,0.9080015763934127,0.7034188279869702,1.2297373956527078,5.034655050796954,1.128378690316004
67,-1.4248355058695208,651.5166311264038,3.863292460016976,7.128046217877664,0.5869575864795963,0.8529705069866733,-0.5869575864795963,0.6989700043360189,0.0,-1.4248355058695208,1500-2000,2300-2800,0.41491477272727273,5.684542586750789,1.904940119760479,0.5718085106382979,0.6827205882352941,4.212628865979381,2.9176470588235293,1.1454918032786885,0.9130639097744361,16.00958904109589,5.462171052631579,1.35989010989011,0.3509375,3.8875,1.06875,0.915625,0.5394607843137255,7.030864197530864,3.2598425196850394,0.3576388888888889,0.8967934224333959,0.677452212028271,1.1583301759230211,1.1667100811329352,1.194514518700772,0.9170716693457848,0.7623844991020776,1.1042876812704874,0.7834811463555978,0.690584758503481,0.8766292778382593,1.1179002803267386,0.7567199740338701,0.6469907895475503,1.589517822243095,1.1615511276442083,1.0543528115915244,0.831630925720896,0.8224430316365834,1.1271359931312641,1.0052834134727575,0.9008526635760253,1.1104456955948192,0.8194238199526906,1.0994260555077275,4.574146300375602,0.8005541964037168
68,-1.6739237857753317,662.3138561248779,3.008165087775162,2.5039677898738004,0.47830166662233725,0.39862873798623066,-0.47830166662233725,0.39862873798623066,0.0,-1.6739237857753317,1500-2000,2300-2800,0.9012784090909091,11.157728706624606,5.4094311377245505,4.815602836879433,1.2293198529411764,6.996134020618556,5.557352941176471,3.9139344262295084,1.6712092731829573,21.376712328767123,6.860197368421052,4.175824175824176,1.3675,8.90875,7.6375,8.009375,1.0660539215686275,11.13888888888889,5.059055118110236,2.0902777777777777,1.013350790120889,0.681425908677853,1.2300906444785202,1.3450140270726152,1.21605922770801,0.7756217163340512,1.4301342585629813,0.8159514058676479,0.7071939377304487,0.6818450877471474,1.0215335517700306,1.0119958117476757,1.115854724132043,1.12625172975387,1.3470010519507076,1.234811534649609,1.0172413964435503,1.092965045416338,1.0450322678207058,1.2365386670798761,1.0950549039430666,0.8867157888235889,1.0552945746349898,0.9829262524628821,1.3340526002928232,4.165520539955884,1.070961008680855
0,-20.0,621.6074240207672,0.07627840909090909,2.3793375394321767,1.1908682634730539,0.08865248226950355,0.15919117647058822,2.554123711340206,0.5941176470588235,1.0184426229508197,0.07401315789473684,12.482191780821918,2.9671052631578947,0.8131868131868132,0.12703125,2.76625,0.6208333333333333,1.015625,0.15821078431372548,5.58641975308642,2.393700787401575,0.041666666666666664,1.5168897455453687,0.6989304316889149,1.7802531400958175,0.6161052999426198,0.9700801483599157,0.9969275489227448,1.1373949205639329,1.3278229893851605,0.6049355389760913,1.2831365082306236,1.6312242781884512,0.6445461726715784,1.2170500786095586,1.440205681464042,1.4495122113541625,1.545128867088405,0.617698990158556,1.303748253790769,0.6389454617639337,0.7751608354017197,0.637559234034457,0.6354660268771577,1.2789059815551052,2.085783711854621,1.8993527143691469,1.5254834354937068,1.1155648545558916,2.06510380940049,1.6620283972717875,0.5082513442920072,1.108768136106504,1.8817337383687867,0.7588998894441235,0.9525597577376026,1.1395145441770247,0.9524423821860822,0.6510849892033658,5.409315636894339
2,-20.0,112.07233786582947,0.11420454545454546,2.6987381703470033,1.3241017964071857,0.08953900709219859,0.1421875,2.6327319587628866,0.054411764705882354,4.360655737704918,0.08333333333333333,11.485616438356164,3.8125,0.057692307692307696,0.13890625,3.0225,0.36875,1.553125,0.16973039215686275,5.692901234567901,2.3070866141732282,0.1875,1.5168897455453687,0.6989304316889149,1.7802531400958175,0.6161052999426198,0.9700801483599157,0.9969275489227448,1.1373949205639329,1.3278229893851605,0.6049355389760913,1.2831365082306236,1.6312242781884512,0.6445461726715784,1.2170500786095586,1.440205681464042,1.4495122113541625,1.545128867088405,0.617698990158556,1.303748253790769,0.6389454617639337,0.7751608354017197,0.637559234034457,0.6354660268771577,1.2789059815551052,2.085783711854621,1.8993527143691469,1.5254834354937068,1.1155648545558916,2.06510380940049,1.6620283972717875,0.5082513442920072,1.108768136106504,1.8817337383687867,0.7588998894441235,0.9525597577376026,1.1395145441770247,0.9524423821860822,0.6510849892033658,5.409315636894339
3,2.1383014622987453,259.0255649089813,1.1060319285269613,2.144065121479667,0.043767664243865724,0.3312379720250211,4,11,0.36363636363636365,0.1504742122828413,1.8181818181818183,-0.13130299273159718,2.1383014622987453,1500-2000,2300-2800,0.6645596590909091,7.507886435331231,4.351047904191617,0.6134751773049646,0.9030330882352942,5.418814432989691,1.276470588235294,4.385245901639344,1.799420426065163,14.397260273972602,12.432565789473685,0.29120879120879123,0.394375,7.22,1.9208333333333334,3.04375,1.1753676470588235,10.635802469135802,5.015748031496063,2.3402777777777777,1.052661303168363,1.397953495318975,1.8281458516814582,0.7980718919222728,1.7685188481661447,1.590275927236177,1.471931837012085,1.2380561820293068,0.7295444136877961,1.02130134632313,0.8098982818397821,1.256602459522473,0.5451255002428563,1.2403185863891522,1.843435137715937,0.8238782649891977,0.663055774252875,1.0373796496567387,0.6848762341902039,1.142384652647931,1.2022743486332266,0.6702692880954876,1.0115588345767115,0.5282724739257775,1.1421200294576972,0.5624562997487427,0.6015764627055978,1.4083375247751837,0.8588060328190347,2.0948283016474716,1.927755576822368,2.037028672972422,0.5372450515663661,0.5738623885450771,0.5184960264513784,0.5054189122991669,1.358459097161754,5.616451848240433
4,-35.23930012096253,380.9471962451935,174.2965909090909,976.7405362776025,161.10853293413174,146.9095744680851,185.70827205882352,885.1018041237113,195.4485294117647,146.15983606557376,1.9580983709273183,17.921917808219177,4.175986842105263,19.662087912087912,0.40671875,848.25,0.01875,147.2875,2.8723039215686272,35.22993827160494,0.2106299212598425,39.125,0.7744271758265452,1.018700758445142,1.2758115301687878,0.7185946672959223,1.7599851213560005,0.9426012154101415,0.6656898802760013,1.1254045675377828,1.057081332187034,1.3814638715275303,0.5876316750581616,1.2524299359945332,1.0666801993396264,0.5137047554262508,2.0886999141431084,0.7468961897691612,0.5175748047582065,1.4840942022066748,0.9655347130430506,0.7884830392676643,0.9618337636162948,1.2612049472955553,0.7631111092339526,1.560909419458151,0.5041984454929348,1.2707639977848095,1.0290314735185908,0.5415429395312013,1.2463823045724727,1.0597638875170023,0.6454677754448822,1.3220339355996653,1.7377195634177165,2.3406144474292954,1.6184839141949872,1.2545754523848098,0.5423144936991123,4.815453622438554
5,-15.0,359.4264280796051,0.18785511363636365,3.751577287066246,0.8023952095808383,0.02304964539007092,0.13998161764705883,2.226159793814433,0.12352941176470589,2.4077868852459017,0.3143013784461153,12.781506849315068,2.9967105263157894,0.08516483516483517,0.08640625,2.88125,0.30625,0.8875,0.34558823529411764,7.143518518518518,1.3877952755905512,0.5625,1.1704826977083393,1.389619195178599,1.5564821756527472,0.6323880156477506,1.0289256386321906,0.97158791270997,0.6835725364985558,1.3505519517166102,0.5077014139918468,0.8482568899678021,0.541162448135676,1.0869516638211523,1.782666043434058,0.5372745774047977,1.1094777882104454,0.7483068931485023,1.6095730403730524,0.8811635022534765,0.9936456064048467,1.273271041761842,0.8023081323691474,0.7627637513124097,0.6700661614248448,0.8126328658790161,1.412766071000307,1.041736399012465,1.554061385431106,0.6799669984394539,0.5234876333935482,1.3271296802602415,1.6301563541028197,0.5545279841588252,1.326389019250084,1.5070010909443508,1.7451564518684946,0.8704226563981567,1.0100395145728251,4.3194042316580745
6,-20.0,477.89290714263916,0.1315340909090909,2.5433753943217665,0.7522455089820359,0.0070921985815602835,0.06295955882352941,1.0199742268041236,0.16323529411764706,0.6782786885245902,0.08348997493734336,17.64246575342466,1.3700657894736843,0.008241758241758242,0.10890625,2.21,0.35208333333333336,0.29375,0.3314950980392157,7.354938271604938,1.8543307086614174,0.1111111111111111,0.8677407856738926,0.9242333714626029,1.0802644095780485,1.3161216854931936,0.6260946496553764,0.6143983151685004,1.078921811505426,1.1352004247874399,1.0278713792260727,1.251497596001496,0.974682505095898,1.0797525127250083,1.12729397151457,0.5737760181853616,1.0502439365396685,1.1571943311261657,1.3523329694696058,0.7684323905509759,1.32807069623389,0.9836439737215464,1.0990757245601057,0.9221575470305143,0.6383298846168574,1.9624036591408216,1.9118604670178998,1.347049282602235,1.57248390744258,1.054157756301496,1.7016971292392493,1.619278667846363,0.6926304321163033,1.5808708347401579,1.1256287197962849,1.3226198963064981,0.8709140202826685,0.7412699533370603,1.0448654261639612,3.773007167374309
7,-11.85044952681388,383.3725891113281,0.04836647727272727,885.044952681388,0.5800898203592815,16.463652482269502,0.9490808823529412,8.037371134020619,4.623529411764705,8.48155737704918,3.3366228070175437,28.50890410958904,32.49342105263158,11.802197802197803,0.3434375,4.5125,1.2416666666666667,4.35625,0.9004901960784314,10.546296296296296,7.9862204724409445,2.8715277777777777,1.042024221516498,0.7731856957440657,0.705664558279162,1.5219005092147821,0.8760457536814032,1.3443689680784476,1.1502214811961513,0.9673676456576505,1.2124701042473793,0.6443194504260498,0.8939100104860359,0.7735352489924641,1.0917761829963069,1.2021300591909052,2.0536248518881917,1.2641079384577714,0.8057178510626628,0.9324352986376278,0.7039853699033888,1.2244653733427662,0.6246115566127445,1.1068911827942494,1.1972335018727716,0.6424984530261982,0.9826991991348315,1.8350929241271248,0.5241167711883743,1.1658989159235074,0.9638206612094253,1.6568336053741495,0.7582977189349526,1.8494432920189254,1.3305570578636672,1.0423125842615446,0.6052060382168527,1.039877814156617,0.9066388118262365,5.781383594531744
8,-59.95198226083866,431.735356092453,188.14637784090908,986.5055205047319,185.50523952095807,175.92641843971631,186.20395220588236,937.2422680412371,193.91029411764706,167.5,0.06735588972431078,901.2171232876713,0.2878289473684211,5.489010989010989,0.0,836.155,0.0125,169.846875,0.36348039215686273,33.85493827160494,0.013779527559055118,32.77430555555556,0.7636544419420801,1.0534140993531007,1.1800784738601495,0.7581745054259099,1.2228978970151512,1.1378554037734376,1.3807253636031511,0.6888206547465292,0.7340747004515614,0.7426930576177471,1.030113814046813,1.4667056966695435,1.5132442928670982,1.361164873126469,1.15209069469292,0.8778313252323363,0.8843923835641502,1.3767414818192991,0.7105158014930835,0.897114073472891,0.8764917918095256,1.2173488771233907,0.824698985819281,1.9472098235943183,1.1569913698905567,0.882427535127402,1.922069935159884,1.5300723740289885,1.292612891084982,2.1929390260209427,0.7535541512797734,1.0620276803108755,0.7039492846257539,1.929065506296768,1.0475789695202002,0.734574521275415,0.8174066200355565,4.048754490895553
9,-36.087447140947226,407.09690499305725,0.033522727272727273,902.8903785488959,2.305389221556886,0.2898936170212766,1.6996323529411765,903.1159793814433,8.9,11.288934426229508,0.0612468671679198,902.7383561643836,5.626644736842105,0.46153846153846156,0.00078125,0.13,0.9479166666666666,3.15625,1.1732843137254902,4.103395061728395,16.37795275590551,10.04513888888889,0.8164085611588245,1.0504791438282963,0.8670952038230376,0.7875767665734608,1.7200587041614415,1.525748659500907,0.7839115171029888,0.7210605857232557,1.3825967624859803,0.6466672215292552,0.6936486149192125,0.6642029210138684,1.7327796043306267,1.2571504193755096,0.7112570414785011,1.7770597942877888,1.4360546719373306,0.5082627429095847,0.6723581699246282,1.2366099729235762,1.0726855261062265,1.4243167795412566,1.0148400910137685,1.8937559963409287,0.6820597536707358,1.1899107312073642,1.9230960010837421,0.5506080764646221,1.3389258582466435,1.0361913256090034,1.60228701775459,0.8837041869398087,0.6356595045251141,0.8258554152771465,0.7670523657507272,1.2674682836680429,1.2448152602494407,4.881663949109916
10,-35.0,377.95286989212036,0.05262784090909091,1.4361198738170347,0.4176646706586826,0.007978723404255319,0.041268382352941176,0.836340206185567,0.11764705882352941,0.8012295081967213,0.003837719298245614,8.865068493150686,0.9917763157894737,0.01098901098901099,0.06921875,1.31125,0.2916666666666667,0.246875,0.12267156862745097,3.986111111111111,1.1968503937007875,0.034722222222222224,1.0943115240752053,1.1029701481936096,1.8735185536757935,0.7011738295397484,0.7795100996212512,0.9856083324571536,1.2774845986972658,0.8424173194185589,1.2848956958212832,1.2597560182759853,0.7873720320636814,1.0170943995874482,0.5604243483768242,0.9691316524107395,0.9595216090002862,1.3482558395872153,0.7712956070202187,1.2553857414681264,1.0516588710542458,1.4311892981914094,0.9907439309877908,1.465203343996467,0.9753369054015264,2.134935968592185,0.6035649002079548,1.4649366125633183,1.5795180019855333,0.9763173674736857,0.8821861083297982,0.7844178736535656,1.8770493570583082,1.06172395565978,1.6509858186338489,0.5322349888506593,1.0154078363853538,0.8562468359659414,0.8377041851295206,4.060081791962997
